X,Y,Red,NIR,Class
10,10,438.0,610.0,0
15,10,759.0,2135.0,1
20,10,724.0,1849.0,1
25,10,1022.0,2179.0,1
30,10,810.0,1664.0,1
35,10,1042.0,2028.0,1
40,10,2579.0,3248.0,0
45,10,5131.0,4920.0,0
50,10,7049.0,6777.0,0
55,10,4510.0,4593.0,0
60,10,1088.0,928.0,0
65,10,3573.0,3546.0,0
70,10,808.0,1920.0,1
75,10,747.0,2810.0,1
80,10,658.0,1920.0,1
85,10,698.0,2223.0,1
90,10,668.0,1469.0,1
95,10,880.0,1726.0,1
100,10,823.0,1241.0,0
105,10,184.0,367.0,1
110,10,293.0,707.0,1
115,10,956.0,2309.0,1
120,10,520.0,1704.0,1
125,10,425.0,1017.0,1
130,10,475.0,1574.0,1
135,10,656.0,1365.0,1
140,10,576.0,1391.0,1
145,10,636.0,1887.0,1
150,10,1064.0,1997.0,0
155,10,1393.0,1754.0,0
160,10,1637.0,2029.0,0
165,10,1849.0,2334.0,0
170,10,875.0,750.0,0
175,10,671.0,554.0,0
180,10,755.0,597.0,0
185,10,3246.0,3356.0,0
190,10,4948.0,4852.0,0
195,10,4651.0,4513.0,0
200,10,1148.0,1608.0,0
205,10,2492.0,2609.0,0
210,10,2582.0,2479.0,0
215,10,4718.0,4711.0,0
220,10,1935.0,1845.0,0
225,10,560.0,529.0,0
230,10,1257.0,1117.0,0
235,10,1131.0,1576.0,0
240,10,898.0,2149.0,1
245,10,456.0,513.0,0
250,10,2415.0,2270.0,0
255,10,1207.0,1712.0,0
260,10,1035.0,2168.0,1
265,10,411.0,1316.0,1
270,10,1120.0,2175.0,1
275,10,379.0,1256.0,1
280,10,241.0,637.0,1
285,10,226.0,389.0,0
290,10,547.0,1486.0,1
295,10,598.0,924.0,0
300,10,876.0,1349.0,0
10,15,4722.0,4609.0,0
15,15,894.0,1639.0,0
20,15,2959.0,3545.0,0
25,15,682.0,1652.0,1
30,15,645.0,1454.0,1
35,15,1770.0,1810.0,0
40,15,2314.0,2299.0,0
45,15,4199.0,4263.0,0
50,15,2657.0,3346.0,0
55,15,4078.0,3927.0,0
60,15,4344.0,3974.0,0
65,15,1747.0,2049.0,0
70,15,1617.0,2171.0,0
75,15,692.0,2122.0,1
80,15,501.0,1408.0,1
85,15,291.0,533.0,0
90,15,727.0,1514.0,1
95,15,844.0,1644.0,1
100,15,843.0,1550.0,0
105,15,502.0,2199.0,1
110,15,350.0,1169.0,1
115,15,166.0,196.0,0
120,15,299.0,364.0,0
125,15,489.0,1270.0,1
130,15,566.0,1455.0,1
135,15,582.0,1324.0,1
140,15,676.0,1478.0,1
145,15,1372.0,1753.0,0
150,15,358.0,565.0,0
155,15,541.0,542.0,0
160,15,3368.0,3226.0,0
165,15,3721.0,3587.0,0
170,15,483.0,400.0,0
175,15,802.0,695.0,0
180,15,5367.0,5471.0,0
185,15,5323.0,5210.0,0
190,15,1549.0,1790.0,0
195,15,1783.0,2750.0,0
200,15,1004.0,1521.0,0
205,15,5181.0,4878.0,0
210,15,7122.0,6459.0,0
215,15,4431.0,4232.0,0
220,15,2438.0,2167.0,0
225,15,1800.0,1451.0,0
230,15,1432.0,1839.0,0
235,15,1268.0,2137.0,0
240,15,1186.0,1434.0,0
245,15,2961.0,3022.0,0
250,15,2150.0,2056.0,0
255,15,1965.0,2616.0,0
260,15,777.0,903.0,0
265,15,955.0,1736.0,0
270,15,879.0,1693.0,1
275,15,345.0,973.0,1
280,15,407.0,1463.0,1
285,15,498.0,1114.0,1
290,15,652.0,1725.0,1
295,15,674.0,1499.0,1
300,15,810.0,1257.0,0
10,20,1484.0,1480.0,0
15,20,573.0,804.0,0
20,20,424.0,900.0,1
25,20,856.0,1689.0,1
30,20,946.0,1673.0,0
35,20,1395.0,2470.0,0
40,20,1036.0,1645.0,0
45,20,2018.0,2743.0,0
50,20,1967.0,2228.0,0
55,20,2156.0,2432.0,0
60,20,2320.0,2562.0,0
65,20,3997.0,3715.0,0
70,20,4830.0,4642.0,0
75,20,1729.0,2348.0,0
80,20,954.0,2054.0,1
85,20,1184.0,2049.0,0
90,20,1586.0,2353.0,0
95,20,734.0,1574.0,1
100,20,734.0,1739.0,1
105,20,391.0,1051.0,1
110,20,719.0,1823.0,1
115,20,337.0,861.0,1
120,20,598.0,1655.0,1
125,20,941.0,1211.0,0
130,20,1484.0,1886.0,0
135,20,424.0,412.0,0
140,20,377.0,376.0,0
145,20,3347.0,3263.0,0
150,20,2997.0,2942.0,0
155,20,1075.0,1148.0,0
160,20,423.0,430.0,0
165,20,897.0,865.0,0
170,20,2251.0,2184.0,0
175,20,8375.0,8048.0,0
180,20,2391.0,2656.0,0
185,20,1178.0,1602.0,0
190,20,1664.0,2379.0,0
195,20,1219.0,1935.0,0
200,20,3089.0,3033.0,0
205,20,2535.0,2643.0,0
210,20,9271.0,8618.0,0
215,20,6992.0,6403.0,0
220,20,1715.0,1537.0,0
225,20,5684.0,5537.0,0
230,20,3820.0,3813.0,0
235,20,1068.0,1982.0,0
240,20,603.0,678.0,0
245,20,3274.0,3181.0,0
250,20,4520.0,3741.0,0
255,20,934.0,1680.0,0
260,20,433.0,717.0,0
265,20,499.0,1555.0,1
270,20,1708.0,2325.0,0
275,20,381.0,899.0,1
280,20,386.0,1453.0,1
285,20,731.0,1792.0,1
290,20,696.0,1594.0,1
295,20,757.0,1602.0,1
300,20,1305.0,2063.0,0
10,25,933.0,1277.0,0
15,25,1531.0,2270.0,0
20,25,1046.0,2217.0,1
25,25,2671.0,2707.0,0
30,25,965.0,2079.0,1
35,25,406.0,947.0,1
40,25,1259.0,1952.0,0
45,25,516.0,536.0,0
50,25,1094.0,1528.0,0
55,25,1284.0,2281.0,0
60,25,2035.0,2035.0,0
65,25,3295.0,3665.0,0
70,25,2239.0,2928.0,0
75,25,1274.0,1988.0,0
80,25,814.0,2190.0,1
85,25,594.0,2001.0,1
90,25,582.0,1896.0,1
95,25,658.0,1299.0,1
100,25,712.0,1553.0,1
105,25,696.0,2153.0,1
110,25,164.0,229.0,0
115,25,406.0,1130.0,1
120,25,859.0,2157.0,1
125,25,801.0,1702.0,1
130,25,803.0,1190.0,0
135,25,1038.0,2092.0,1
140,25,1250.0,2076.0,0
145,25,3050.0,2972.0,0
150,25,1316.0,2134.0,0
155,25,1145.0,1857.0,0
160,25,1294.0,1724.0,0
165,25,2380.0,2366.0,0
170,25,1347.0,1606.0,0
175,25,1389.0,1708.0,0
180,25,855.0,1173.0,0
185,25,880.0,1292.0,0
190,25,1351.0,2574.0,0
195,25,697.0,1176.0,0
200,25,1174.0,1817.0,0
205,25,3238.0,3238.0,0
210,25,2670.0,2424.0,0
215,25,4688.0,4274.0,0
220,25,5529.0,5365.0,0
225,25,8133.0,7739.0,0
230,25,3828.0,3662.0,0
235,25,5457.0,5366.0,0
240,25,740.0,653.0,0
245,25,5977.0,5515.0,0
250,25,1576.0,2131.0,0
255,25,1135.0,2134.0,0
260,25,865.0,1553.0,0
265,25,830.0,1447.0,0
270,25,406.0,1543.0,1
275,25,309.0,946.0,1
280,25,385.0,1249.0,1
285,25,692.0,1682.0,1
290,25,646.0,1599.0,1
295,25,1200.0,2174.0,0
300,25,798.0,1343.0,0
10,30,1020.0,1800.0,0
15,30,2000.0,2761.0,0
20,30,1202.0,2272.0,0
25,30,460.0,1449.0,1
30,30,1197.0,1038.0,0
35,30,354.0,808.0,1
40,30,688.0,2090.0,1
45,30,933.0,2236.0,1
50,30,3304.0,3143.0,0
55,30,758.0,2270.0,1
60,30,1896.0,2294.0,0
65,30,2268.0,2918.0,0
70,30,4591.0,4870.0,0
75,30,854.0,2684.0,1
80,30,831.0,1440.0,0
85,30,576.0,1701.0,1
90,30,564.0,1698.0,1
95,30,752.0,2322.0,1
100,30,802.0,1195.0,0
105,30,366.0,1190.0,1
110,30,621.0,1589.0,1
115,30,293.0,586.0,1
120,30,774.0,1981.0,1
125,30,834.0,2162.0,1
130,30,770.0,1712.0,1
135,30,709.0,2007.0,1
140,30,831.0,1565.0,0
145,30,1206.0,1982.0,0
150,30,831.0,1725.0,1
155,30,369.0,682.0,0
160,30,925.0,1005.0,0
165,30,1178.0,1471.0,0
170,30,1064.0,1721.0,0
175,30,1438.0,2327.0,0
180,30,1312.0,2220.0,0
185,30,910.0,3008.0,1
190,30,1285.0,2554.0,1
195,30,513.0,1251.0,1
200,30,456.0,475.0,0
205,30,2808.0,2442.0,0
210,30,5129.0,5083.0,0
215,30,3453.0,3749.0,0
220,30,1234.0,1780.0,0
225,30,1862.0,1941.0,0
230,30,1021.0,1486.0,0
235,30,1219.0,1477.0,0
240,30,2016.0,2317.0,0
245,30,2033.0,2470.0,0
250,30,4582.0,4528.0,0
255,30,1178.0,1943.0,0
260,30,519.0,956.0,0
265,30,428.0,1635.0,1
270,30,1630.0,2231.0,0
275,30,405.0,964.0,1
280,30,387.0,926.0,1
285,30,513.0,1437.0,1
290,30,552.0,1595.0,1
295,30,648.0,1589.0,1
300,30,1017.0,1666.0,0
10,35,938.0,2761.0,1
15,35,1065.0,3639.0,1
20,35,664.0,1750.0,1
25,35,618.0,1977.0,1
30,35,2618.0,2850.0,0
35,35,567.0,1662.0,1
40,35,289.0,586.0,1
45,35,803.0,1419.0,0
50,35,296.0,396.0,0
55,35,945.0,3725.0,1
60,35,1281.0,1953.0,0
65,35,1145.0,1909.0,0
70,35,1704.0,3015.0,0
75,35,1001.0,1898.0,0
80,35,529.0,1691.0,1
85,35,548.0,1481.0,1
90,35,723.0,1626.0,1
95,35,716.0,2053.0,1
100,35,190.0,231.0,0
105,35,211.0,398.0,0
110,35,692.0,1512.0,1
115,35,819.0,1910.0,1
120,35,882.0,2245.0,1
125,35,835.0,1761.0,1
130,35,437.0,1404.0,1
135,35,846.0,2304.0,1
140,35,1075.0,1982.0,0
145,35,971.0,2000.0,1
150,35,807.0,1911.0,1
155,35,909.0,2425.0,1
160,35,1052.0,1856.0,0
165,35,796.0,1419.0,0
170,35,949.0,1961.0,1
175,35,1282.0,2361.0,0
180,35,1308.0,2205.0,0
185,35,854.0,2373.0,1
190,35,835.0,2757.0,1
195,35,1548.0,1598.0,0
200,35,468.0,453.0,0
205,35,3096.0,2856.0,0
210,35,3245.0,3515.0,0
215,35,1454.0,2394.0,0
220,35,1245.0,2379.0,1
225,35,781.0,1554.0,1
230,35,2756.0,2830.0,0
235,35,1061.0,1271.0,0
240,35,3423.0,3294.0,0
245,35,1364.0,1563.0,0
250,35,5140.0,4830.0,0
255,35,1295.0,1936.0,0
260,35,342.0,488.0,0
265,35,523.0,1161.0,1
270,35,410.0,1337.0,1
275,35,1184.0,2049.0,0
280,35,501.0,1160.0,1
285,35,623.0,1262.0,1
290,35,659.0,1422.0,1
295,35,711.0,1700.0,1
300,35,848.0,1948.0,1
10,40,771.0,1752.0,1
15,40,914.0,1788.0,1
20,40,1355.0,2158.0,0
25,40,639.0,1614.0,1
30,40,482.0,1739.0,1
35,40,511.0,1527.0,1
40,40,1104.0,2147.0,1
45,40,232.0,355.0,0
50,40,1062.0,2376.0,1
55,40,644.0,863.0,0
60,40,844.0,1893.0,1
65,40,1454.0,2421.0,0
70,40,922.0,3405.0,1
75,40,884.0,2269.0,1
80,40,668.0,1672.0,1
85,40,564.0,1995.0,1
90,40,632.0,1536.0,1
95,40,860.0,2187.0,1
100,40,252.0,493.0,1
105,40,998.0,2800.0,1
110,40,1372.0,1843.0,0
115,40,189.0,247.0,0
120,40,446.0,816.0,0
125,40,272.0,628.0,1
130,40,369.0,593.0,0
135,40,1078.0,1431.0,0
140,40,1105.0,2041.0,0
145,40,718.0,1731.0,1
150,40,789.0,2854.0,1
155,40,642.0,1614.0,1
160,40,1787.0,2968.0,0
165,40,997.0,1638.0,0
170,40,882.0,1634.0,0
175,40,773.0,1994.0,1
180,40,744.0,1703.0,1
185,40,516.0,1589.0,1
190,40,355.0,405.0,0
195,40,4182.0,4481.0,0
200,40,2769.0,2635.0,0
205,40,3018.0,3027.0,0
210,40,1696.0,2441.0,0
215,40,4868.0,4542.0,0
220,40,782.0,2651.0,1
225,40,802.0,1801.0,1
230,40,1011.0,1673.0,0
235,40,1389.0,2145.0,0
240,40,1125.0,1052.0,0
245,40,725.0,824.0,0
250,40,5322.0,4982.0,0
255,40,531.0,610.0,0
260,40,1567.0,2090.0,0
265,40,638.0,1200.0,0
270,40,501.0,1124.0,1
275,40,495.0,1708.0,1
280,40,346.0,1085.0,1
285,40,366.0,1031.0,1
290,40,457.0,1284.0,1
295,40,592.0,1512.0,1
300,40,713.0,1297.0,0
10,45,1025.0,2024.0,1
15,45,549.0,2052.0,1
20,45,634.0,1794.0,1
25,45,1025.0,1410.0,0
30,45,1450.0,2016.0,0
35,45,1642.0,1787.0,0
40,45,2002.0,2629.0,0
45,45,3097.0,3283.0,0
50,45,464.0,1211.0,1
55,45,467.0,727.0,0
60,45,404.0,1501.0,1
65,45,401.0,1095.0,1
70,45,490.0,1095.0,1
75,45,750.0,2299.0,1
80,45,482.0,1336.0,1
85,45,748.0,2055.0,1
90,45,629.0,2074.0,1
95,45,555.0,1834.0,1
100,45,171.0,213.0,0
105,45,170.0,200.0,0
110,45,995.0,1643.0,0
115,45,185.0,199.0,0
120,45,405.0,651.0,0
125,45,294.0,672.0,1
130,45,511.0,1666.0,1
135,45,373.0,1137.0,1
140,45,387.0,1191.0,1
145,45,474.0,804.0,0
150,45,530.0,1526.0,1
155,45,760.0,1582.0,1
160,45,269.0,490.0,0
165,45,561.0,974.0,0
170,45,195.0,208.0,0
175,45,250.0,290.0,0
180,45,480.0,540.0,0
185,45,416.0,451.0,0
190,45,1562.0,1442.0,0
195,45,3982.0,3942.0,0
200,45,1770.0,2512.0,0
205,45,1416.0,1978.0,0
210,45,5083.0,5120.0,0
215,45,1232.0,1338.0,0
220,45,786.0,2518.0,1
225,45,795.0,2797.0,1
230,45,779.0,2527.0,1
235,45,1098.0,1636.0,0
240,45,846.0,930.0,0
245,45,1414.0,1706.0,0
250,45,1161.0,1076.0,0
255,45,2826.0,3135.0,0
260,45,1122.0,1904.0,0
265,45,432.0,835.0,1
270,45,552.0,1274.0,1
275,45,517.0,1812.0,1
280,45,1185.0,1785.0,0
285,45,311.0,894.0,1
290,45,543.0,1615.0,1
295,45,578.0,1759.0,1
300,45,581.0,984.0,0
10,50,636.0,1781.0,1
15,50,632.0,1060.0,0
20,50,189.0,229.0,0
25,50,166.0,238.0,0
30,50,177.0,214.0,0
35,50,467.0,945.0,1
40,50,414.0,1080.0,1
45,50,387.0,1252.0,1
50,50,1053.0,2504.0,1
55,50,592.0,1762.0,1
60,50,1139.0,2248.0,1
65,50,694.0,2087.0,1
70,50,939.0,1884.0,1
75,50,670.0,1448.0,1
80,50,550.0,1533.0,1
85,50,733.0,1952.0,1
90,50,746.0,2187.0,1
95,50,594.0,1216.0,1
100,50,668.0,1768.0,1
105,50,1065.0,1856.0,0
110,50,276.0,363.0,0
115,50,411.0,436.0,0
120,50,620.0,1466.0,1
125,50,644.0,1772.0,1
130,50,281.0,344.0,0
135,50,245.0,251.0,0
140,50,488.0,980.0,1
145,50,303.0,300.0,0
150,50,580.0,1530.0,1
155,50,533.0,1349.0,1
160,50,292.0,323.0,0
165,50,563.0,1403.0,1
170,50,3011.0,2944.0,0
175,50,552.0,546.0,0
180,50,1736.0,1713.0,0
185,50,2057.0,2081.0,0
190,50,1573.0,2537.0,0
195,50,1105.0,2792.0,1
200,50,1303.0,1704.0,0
205,50,5911.0,5639.0,0
210,50,4493.0,4196.0,0
215,50,1184.0,1836.0,0
220,50,1613.0,2711.0,0
225,50,917.0,2780.0,1
230,50,693.0,1911.0,1
235,50,682.0,1584.0,1
240,50,330.0,307.0,0
245,50,1383.0,1845.0,0
250,50,6148.0,5554.0,0
255,50,2571.0,2602.0,0
260,50,1197.0,1515.0,0
265,50,1120.0,1737.0,0
270,50,941.0,1777.0,0
275,50,941.0,1575.0,0
280,50,625.0,1337.0,1
285,50,440.0,1204.0,1
290,50,349.0,690.0,1
295,50,580.0,1884.0,1
300,50,724.0,2349.0,1
10,55,189.0,177.0,0
15,55,676.0,1005.0,0
20,55,192.0,228.0,0
25,55,572.0,1407.0,1
30,55,464.0,1044.0,1
35,55,552.0,1040.0,0
40,55,174.0,161.0,0
45,55,483.0,1392.0,1
50,55,562.0,1455.0,1
55,55,801.0,1834.0,1
60,55,3667.0,3873.0,0
65,55,536.0,1429.0,1
70,55,477.0,1193.0,1
75,55,732.0,2005.0,1
80,55,509.0,1501.0,1
85,55,800.0,1906.0,1
90,55,934.0,2022.0,1
95,55,312.0,905.0,1
100,55,302.0,490.0,0
105,55,429.0,873.0,1
110,55,237.0,342.0,0
115,55,612.0,1693.0,1
120,55,1148.0,1988.0,0
125,55,802.0,1152.0,0
130,55,1622.0,1515.0,0
135,55,416.0,453.0,0
140,55,3221.0,3087.0,0
145,55,2277.0,2287.0,0
150,55,794.0,1774.0,1
155,55,266.0,403.0,0
160,55,346.0,285.0,0
165,55,2131.0,2490.0,0
170,55,704.0,645.0,0
175,55,4334.0,4134.0,0
180,55,1106.0,1645.0,0
185,55,1115.0,2034.0,0
190,55,989.0,3362.0,1
195,55,492.0,1267.0,1
200,55,1430.0,1630.0,0
205,55,1721.0,2848.0,0
210,55,1462.0,2031.0,0
215,55,1587.0,2403.0,0
220,55,768.0,1423.0,0
225,55,642.0,1883.0,1
230,55,753.0,1397.0,0
235,55,1814.0,2435.0,0
240,55,4979.0,4537.0,0
245,55,1279.0,1617.0,0
250,55,5777.0,5389.0,0
255,55,1791.0,1745.0,0
260,55,604.0,612.0,0
265,55,360.0,301.0,0
270,55,512.0,965.0,0
275,55,509.0,1166.0,1
280,55,329.0,836.0,1
285,55,2538.0,2523.0,0
290,55,506.0,1442.0,1
295,55,447.0,987.0,1
300,55,696.0,1807.0,1
10,60,379.0,502.0,0
15,60,393.0,421.0,0
20,60,653.0,729.0,0
25,60,458.0,422.0,0
30,60,5944.0,5538.0,0
35,60,956.0,986.0,0
40,60,720.0,1306.0,0
45,60,416.0,762.0,0
50,60,243.0,362.0,0
55,60,1241.0,2101.0,0
60,60,574.0,1337.0,1
65,60,391.0,775.0,1
70,60,611.0,1504.0,1
75,60,1967.0,3164.0,0
80,60,980.0,1988.0,1
85,60,769.0,1424.0,0
90,60,1142.0,2248.0,1
95,60,455.0,1393.0,1
100,60,372.0,1128.0,1
105,60,1041.0,1479.0,0
110,60,442.0,656.0,0
115,60,374.0,904.0,1
120,60,1176.0,2701.0,1
125,60,1061.0,2078.0,1
130,60,2369.0,2845.0,0
135,60,2330.0,2943.0,0
140,60,6354.0,6110.0,0
145,60,2415.0,2086.0,0
150,60,486.0,519.0,0
155,60,3946.0,4025.0,0
160,60,4881.0,4573.0,0
165,60,5274.0,5014.0,0
170,60,1127.0,1587.0,0
175,60,1144.0,2179.0,0
180,60,819.0,2547.0,1
185,60,1054.0,1854.0,0
190,60,806.0,2546.0,1
195,60,769.0,2737.0,1
200,60,1378.0,1975.0,0
205,60,940.0,2588.0,1
210,60,1310.0,3727.0,1
215,60,1053.0,1907.0,0
220,60,631.0,1569.0,1
225,60,448.0,1033.0,1
230,60,590.0,1437.0,1
235,60,4363.0,4191.0,0
240,60,2038.0,2120.0,0
245,60,3074.0,2860.0,0
250,60,755.0,688.0,0
255,60,2598.0,2471.0,0
260,60,435.0,361.0,0
265,60,1358.0,1727.0,0
270,60,898.0,1690.0,0
275,60,251.0,379.0,0
280,60,465.0,1239.0,1
285,60,830.0,1694.0,1
290,60,428.0,1134.0,1
295,60,773.0,1903.0,1
300,60,613.0,1375.0,1
10,65,935.0,911.0,0
15,65,3075.0,2981.0,0
20,65,1047.0,977.0,0
25,65,1917.0,1979.0,0
30,65,456.0,388.0,0
35,65,343.0,340.0,0
40,65,1932.0,2314.0,0
45,65,691.0,1894.0,1
50,65,655.0,1628.0,1
55,65,583.0,1074.0,0
60,65,487.0,1280.0,1
65,65,540.0,1582.0,1
70,65,1024.0,1122.0,0
75,65,2843.0,3220.0,0
80,65,1051.0,2120.0,1
85,65,1085.0,2321.0,1
90,65,589.0,1541.0,1
95,65,1274.0,2605.0,1
100,65,649.0,1496.0,1
105,65,429.0,1222.0,1
110,65,1590.0,2337.0,0
115,65,775.0,1549.0,1
120,65,740.0,1615.0,1
125,65,747.0,1354.0,0
130,65,715.0,1638.0,1
135,65,3585.0,3372.0,0
140,65,7276.0,6879.0,0
145,65,1705.0,1566.0,0
150,65,1332.0,1173.0,0
155,65,5547.0,5329.0,0
160,65,1926.0,1781.0,0
165,65,1484.0,1982.0,0
170,65,1440.0,2413.0,0
175,65,1007.0,2175.0,1
180,65,758.0,2012.0,1
185,65,1194.0,2209.0,0
190,65,587.0,1585.0,1
195,65,564.0,1480.0,1
200,65,766.0,1110.0,0
205,65,649.0,2000.0,1
210,65,636.0,1893.0,1
215,65,292.0,808.0,1
220,65,434.0,1296.0,1
225,65,767.0,1348.0,0
230,65,469.0,471.0,0
235,65,1942.0,1867.0,0
240,65,692.0,593.0,0
245,65,6680.0,6202.0,0
250,65,6446.0,6082.0,0
255,65,4409.0,4330.0,0
260,65,3546.0,3364.0,0
265,65,5662.0,5611.0,0
270,65,1252.0,1614.0,0
275,65,1049.0,1812.0,0
280,65,619.0,923.0,0
285,65,1053.0,1626.0,0
290,65,1038.0,2048.0,1
295,65,435.0,1096.0,1
300,65,423.0,1353.0,1
10,70,1880.0,2329.0,0
15,70,806.0,743.0,0
20,70,5337.0,5153.0,0
25,70,4082.0,4109.0,0
30,70,5314.0,5059.0,0
35,70,1077.0,1116.0,0
40,70,397.0,335.0,0
45,70,398.0,327.0,0
50,70,386.0,413.0,0
55,70,422.0,868.0,1
60,70,1283.0,2717.0,1
65,70,455.0,1142.0,1
70,70,360.0,727.0,1
75,70,652.0,865.0,0
80,70,379.0,408.0,0
85,70,2099.0,3003.0,0
90,70,1434.0,1207.0,0
95,70,384.0,891.0,1
100,70,822.0,1613.0,1
105,70,792.0,2096.0,1
110,70,1004.0,1682.0,0
115,70,1472.0,2282.0,0
120,70,1406.0,1660.0,0
125,70,1662.0,2239.0,0
130,70,516.0,556.0,0
135,70,720.0,687.0,0
140,70,1414.0,1749.0,0
145,70,3181.0,3276.0,0
150,70,2957.0,3086.0,0
155,70,1357.0,2024.0,0
160,70,1657.0,2555.0,0
165,70,4481.0,4372.0,0
170,70,5130.0,4918.0,0
175,70,2188.0,2790.0,0
180,70,382.0,832.0,1
185,70,501.0,1544.0,1
190,70,1247.0,2072.0,0
195,70,782.0,1761.0,1
200,70,814.0,2167.0,1
205,70,1019.0,3186.0,1
210,70,743.0,2330.0,1
215,70,372.0,846.0,1
220,70,503.0,1174.0,1
225,70,606.0,1587.0,1
230,70,977.0,1900.0,1
235,70,1496.0,2244.0,0
240,70,977.0,1381.0,0
245,70,2158.0,2253.0,0
250,70,1724.0,1830.0,0
255,70,7167.0,6675.0,0
260,70,1458.0,1848.0,0
265,70,1256.0,2117.0,0
270,70,1338.0,2097.0,0
275,70,425.0,609.0,0
280,70,415.0,625.0,0
285,70,612.0,1031.0,0
290,70,744.0,1181.0,0
295,70,1348.0,1869.0,0
300,70,650.0,1797.0,1
10,75,1365.0,1662.0,0
15,75,4903.0,4788.0,0
20,75,6175.0,5849.0,0
25,75,833.0,730.0,0
30,75,504.0,433.0,0
35,75,472.0,385.0,0
40,75,661.0,551.0,0
45,75,577.0,444.0,0
50,75,1981.0,2226.0,0
55,75,809.0,1119.0,0
60,75,572.0,2115.0,1
65,75,624.0,1510.0,1
70,75,295.0,529.0,0
75,75,171.0,165.0,0
80,75,167.0,206.0,0
85,75,632.0,1380.0,1
90,75,1175.0,2600.0,1
95,75,590.0,1562.0,1
100,75,667.0,1891.0,1
105,75,417.0,1037.0,1
110,75,310.0,761.0,1
115,75,608.0,1161.0,1
120,75,884.0,1464.0,0
125,75,1575.0,2491.0,0
130,75,1060.0,1459.0,0
135,75,1288.0,1920.0,0
140,75,4254.0,3976.0,0
145,75,1427.0,2185.0,0
150,75,1506.0,2564.0,0
155,75,4041.0,4154.0,0
160,75,1643.0,2271.0,0
165,75,2187.0,2666.0,0
170,75,3132.0,3107.0,0
175,75,6644.0,6141.0,0
180,75,2331.0,2310.0,0
185,75,708.0,1708.0,1
190,75,314.0,720.0,1
195,75,867.0,1721.0,1
200,75,808.0,1510.0,0
205,75,942.0,1916.0,1
210,75,1335.0,2437.0,0
215,75,555.0,1498.0,1
220,75,423.0,1297.0,1
225,75,255.0,553.0,1
230,75,579.0,1464.0,1
235,75,2323.0,2256.0,0
240,75,3356.0,3396.0,0
245,75,1518.0,2507.0,0
250,75,599.0,508.0,0
255,75,3336.0,3839.0,0
260,75,1346.0,2260.0,0
265,75,1938.0,1908.0,0
270,75,2414.0,2758.0,0
275,75,4751.0,4413.0,0
280,75,402.0,410.0,0
285,75,475.0,765.0,0
290,75,732.0,1169.0,0
295,75,691.0,1330.0,1
300,75,900.0,1512.0,0
10,80,1001.0,1356.0,0
15,80,2823.0,3164.0,0
20,80,4474.0,4097.0,0
25,80,577.0,431.0,0
30,80,2472.0,2256.0,0
35,80,699.0,647.0,0
40,80,899.0,964.0,0
45,80,2551.0,2433.0,0
50,80,564.0,618.0,0
55,80,286.0,488.0,0
60,80,421.0,736.0,0
65,80,563.0,933.0,0
70,80,163.0,173.0,0
75,80,456.0,1229.0,1
80,80,436.0,1257.0,1
85,80,429.0,1188.0,1
90,80,647.0,1557.0,1
95,80,704.0,2073.0,1
100,80,304.0,986.0,1
105,80,308.0,813.0,1
110,80,217.0,405.0,0
115,80,200.0,336.0,0
120,80,833.0,2361.0,1
125,80,668.0,1987.0,1
130,80,917.0,3062.0,1
135,80,1298.0,2112.0,0
140,80,1372.0,2447.0,0
145,80,969.0,3116.0,1
150,80,940.0,2167.0,1
155,80,1682.0,2150.0,0
160,80,1281.0,2628.0,1
165,80,986.0,1922.0,1
170,80,1322.0,2025.0,0
175,80,4730.0,4866.0,0
180,80,2129.0,2236.0,0
185,80,1038.0,1394.0,0
190,80,577.0,1611.0,1
195,80,427.0,1160.0,1
200,80,539.0,1980.0,1
205,80,650.0,2151.0,1
210,80,1105.0,2193.0,1
215,80,558.0,2137.0,1
220,80,392.0,739.0,0
225,80,543.0,1401.0,1
230,80,1578.0,2536.0,0
235,80,3718.0,3531.0,0
240,80,3971.0,3819.0,0
245,80,804.0,801.0,0
250,80,749.0,646.0,0
255,80,1286.0,1205.0,0
260,80,603.0,512.0,0
265,80,4212.0,3662.0,0
270,80,3334.0,3325.0,0
275,80,679.0,660.0,0
280,80,1062.0,1453.0,0
285,80,1401.0,1956.0,0
290,80,193.0,191.0,0
295,80,547.0,1770.0,1
300,80,789.0,1634.0,1
10,85,4180.0,3987.0,0
15,85,5871.0,5432.0,0
20,85,5151.0,4826.0,0
25,85,2850.0,3058.0,0
30,85,6857.0,5883.0,0
35,85,9058.0,8237.0,0
40,85,7045.0,6390.0,0
45,85,8497.0,7859.0,0
50,85,1467.0,2035.0,0
55,85,1131.0,1806.0,0
60,85,763.0,1362.0,0
65,85,182.0,202.0,0
70,85,886.0,1692.0,1
75,85,759.0,1620.0,1
80,85,1006.0,1883.0,0
85,85,341.0,581.0,0
90,85,779.0,1965.0,1
95,85,2561.0,2506.0,0
100,85,790.0,2633.0,1
105,85,437.0,1356.0,1
110,85,497.0,1614.0,1
115,85,348.0,1074.0,1
120,85,844.0,1713.0,1
125,85,618.0,1825.0,1
130,85,608.0,1927.0,1
135,85,965.0,3278.0,1
140,85,832.0,2808.0,1
145,85,831.0,2357.0,1
150,85,1002.0,2264.0,1
155,85,870.0,1934.0,1
160,85,1011.0,2339.0,1
165,85,437.0,1183.0,1
170,85,665.0,1825.0,1
175,85,375.0,460.0,0
180,85,1183.0,1714.0,0
185,85,1326.0,2570.0,1
190,85,737.0,2294.0,1
195,85,625.0,1785.0,1
200,85,391.0,1561.0,1
205,85,300.0,785.0,1
210,85,259.0,662.0,1
215,85,366.0,591.0,0
220,85,713.0,1265.0,0
225,85,625.0,1223.0,1
230,85,1832.0,2412.0,0
235,85,2236.0,2405.0,0
240,85,941.0,915.0,0
245,85,518.0,483.0,0
250,85,3821.0,3921.0,0
255,85,5031.0,4783.0,0
260,85,1783.0,1978.0,0
265,85,2125.0,2234.0,0
270,85,595.0,539.0,0
275,85,504.0,472.0,0
280,85,488.0,640.0,0
285,85,528.0,541.0,0
290,85,921.0,1848.0,1
295,85,558.0,1208.0,1
300,85,374.0,1152.0,1
10,90,6509.0,6128.0,0
15,90,6934.0,6493.0,0
20,90,4655.0,4719.0,0
25,90,2446.0,2824.0,0
30,90,6605.0,6190.0,0
35,90,842.0,763.0,0
40,90,1326.0,1259.0,0
45,90,657.0,467.0,0
50,90,2500.0,2642.0,0
55,90,2338.0,2421.0,0
60,90,550.0,709.0,0
65,90,1061.0,1618.0,0
70,90,807.0,2701.0,1
75,90,565.0,1986.0,1
80,90,418.0,1516.0,1
85,90,1862.0,2743.0,0
90,90,1029.0,2496.0,1
95,90,568.0,1642.0,1
100,90,826.0,2047.0,1
105,90,768.0,2561.0,1
110,90,502.0,1161.0,1
115,90,982.0,2316.0,1
120,90,349.0,1132.0,1
125,90,419.0,1662.0,1
130,90,581.0,2063.0,1
135,90,595.0,2320.0,1
140,90,501.0,2006.0,1
145,90,676.0,2026.0,1
150,90,1389.0,2549.0,0
155,90,1241.0,2273.0,0
160,90,719.0,2080.0,1
165,90,502.0,924.0,0
170,90,557.0,599.0,0
175,90,740.0,1618.0,1
180,90,690.0,1987.0,1
185,90,819.0,1957.0,1
190,90,554.0,1988.0,1
195,90,455.0,1273.0,1
200,90,332.0,860.0,1
205,90,269.0,405.0,0
210,90,446.0,1157.0,1
215,90,589.0,1243.0,1
220,90,402.0,856.0,1
225,90,766.0,633.0,0
230,90,4484.0,3770.0,0
235,90,4908.0,4538.0,0
240,90,6250.0,5788.0,0
245,90,5825.0,5806.0,0
250,90,1188.0,2063.0,0
255,90,4538.0,4302.0,0
260,90,2825.0,3102.0,0
265,90,7721.0,7265.0,0
270,90,5630.0,5248.0,0
275,90,4490.0,3854.0,0
280,90,2095.0,2615.0,0
285,90,1964.0,2630.0,0
290,90,346.0,452.0,0
295,90,911.0,1779.0,1
300,90,643.0,1448.0,1
10,95,6852.0,6582.0,0
15,95,8360.0,7831.0,0
20,95,6978.0,6584.0,0
25,95,8329.0,7590.0,0
30,95,672.0,570.0,0
35,95,8036.0,7567.0,0
40,95,10517.0,9761.0,0
45,95,2771.0,2398.0,0
50,95,683.0,636.0,0
55,95,1760.0,2127.0,0
60,95,1089.0,1622.0,0
65,95,1204.0,2104.0,0
70,95,947.0,1896.0,1
75,95,558.0,1841.0,1
80,95,546.0,1718.0,1
85,95,564.0,1875.0,1
90,95,943.0,2531.0,1
95,95,775.0,1957.0,1
100,95,848.0,1964.0,1
105,95,608.0,2234.0,1
110,95,691.0,2174.0,1
115,95,490.0,1314.0,1
120,95,617.0,2139.0,1
125,95,668.0,2005.0,1
130,95,448.0,1498.0,1
135,95,644.0,1873.0,1
140,95,510.0,2074.0,1
145,95,600.0,1047.0,0
150,95,188.0,178.0,0
155,95,182.0,226.0,0
160,95,341.0,411.0,0
165,95,396.0,534.0,0
170,95,710.0,2425.0,1
175,95,892.0,2016.0,1
180,95,668.0,2510.0,1
185,95,578.0,2146.0,1
190,95,486.0,1336.0,1
195,95,401.0,1106.0,1
200,95,270.0,760.0,1
205,95,763.0,1986.0,1
210,95,1350.0,2385.0,0
215,95,1520.0,1340.0,0
220,95,538.0,584.0,0
225,95,599.0,645.0,0
230,95,3904.0,3805.0,0
235,95,1742.0,1722.0,0
240,95,810.0,585.0,0
245,95,1272.0,2071.0,0
250,95,1094.0,2175.0,1
255,95,4342.0,4190.0,0
260,95,2086.0,1890.0,0
265,95,4820.0,4571.0,0
270,95,1290.0,1050.0,0
275,95,6823.0,6294.0,0
280,95,4232.0,3693.0,0
285,95,2525.0,2633.0,0
290,95,827.0,2140.0,1
295,95,926.0,1694.0,0
300,95,274.0,535.0,1
10,100,5834.0,5243.0,0
15,100,4646.0,4279.0,0
20,100,8433.0,7821.0,0
25,100,8230.0,7339.0,0
30,100,7466.0,6828.0,0
35,100,3403.0,3133.0,0
40,100,2620.0,2814.0,0
45,100,7551.0,7163.0,0
50,100,3362.0,3413.0,0
55,100,3096.0,3371.0,0
60,100,1962.0,2116.0,0
65,100,853.0,1977.0,1
70,100,475.0,1296.0,1
75,100,700.0,2277.0,1
80,100,1823.0,2388.0,0
85,100,528.0,1260.0,1
90,100,1038.0,2118.0,1
95,100,1497.0,1770.0,0
100,100,1007.0,2203.0,1
105,100,621.0,2299.0,1
110,100,758.0,2549.0,1
115,100,263.0,607.0,1
120,100,852.0,2526.0,1
125,100,210.0,452.0,1
130,100,419.0,1331.0,1
135,100,322.0,903.0,1
140,100,201.0,345.0,0
145,100,531.0,1226.0,1
150,100,174.0,228.0,0
155,100,277.0,288.0,0
160,100,1044.0,2737.0,1
165,100,811.0,1869.0,1
170,100,932.0,1978.0,1
175,100,481.0,1924.0,1
180,100,531.0,2020.0,1
185,100,518.0,1830.0,1
190,100,603.0,1135.0,0
195,100,269.0,647.0,1
200,100,407.0,1026.0,1
205,100,672.0,1684.0,1
210,100,694.0,1672.0,1
215,100,1033.0,1770.0,0
220,100,3955.0,3935.0,0
225,100,2397.0,2425.0,0
230,100,5756.0,5335.0,0
235,100,2154.0,2130.0,0
240,100,1222.0,2021.0,0
245,100,887.0,1486.0,0
250,100,1634.0,2417.0,0
255,100,2720.0,2368.0,0
260,100,1487.0,1397.0,0
265,100,1787.0,1924.0,0
270,100,6654.0,6499.0,0
275,100,8149.0,7606.0,0
280,100,7197.0,6563.0,0
285,100,1712.0,2093.0,0
290,100,375.0,447.0,0
295,100,1166.0,2074.0,0
300,100,292.0,454.0,0
10,105,6881.0,6125.0,0
15,105,8478.0,7825.0,0
20,105,6860.0,6227.0,0
25,105,3308.0,3297.0,0
30,105,5632.0,5152.0,0
35,105,9231.0,8248.0,0
40,105,6279.0,5776.0,0
45,105,5967.0,5897.0,0
50,105,1813.0,2040.0,0
55,105,4234.0,4086.0,0
60,105,2681.0,2790.0,0
65,105,988.0,1149.0,0
70,105,248.0,529.0,1
75,105,788.0,2171.0,1
80,105,312.0,573.0,0
85,105,442.0,848.0,1
90,105,1052.0,2614.0,1
95,105,912.0,3326.0,1
100,105,916.0,2708.0,1
105,105,638.0,1632.0,1
110,105,355.0,943.0,1
115,105,741.0,2684.0,1
120,105,294.0,841.0,1
125,105,341.0,849.0,1
130,105,340.0,1003.0,1
135,105,419.0,1362.0,1
140,105,206.0,416.0,1
145,105,466.0,1238.0,1
150,105,504.0,770.0,0
155,105,715.0,1734.0,1
160,105,861.0,2883.0,1
165,105,589.0,2124.0,1
170,105,536.0,2216.0,1
175,105,455.0,1870.0,1
180,105,446.0,1551.0,1
185,105,705.0,1214.0,0
190,105,197.0,478.0,1
195,105,210.0,330.0,0
200,105,1158.0,1428.0,0
205,105,1678.0,2314.0,0
210,105,1006.0,2215.0,1
215,105,868.0,1753.0,1
220,105,1519.0,2222.0,0
225,105,3539.0,3237.0,0
230,105,2072.0,2522.0,0
235,105,1256.0,2486.0,1
240,105,944.0,1590.0,0
245,105,3607.0,3681.0,0
250,105,4055.0,3763.0,0
255,105,1852.0,2558.0,0
260,105,2073.0,2954.0,0
265,105,6651.0,6115.0,0
270,105,686.0,598.0,0
275,105,2998.0,3053.0,0
280,105,891.0,811.0,0
285,105,4585.0,4234.0,0
290,105,2823.0,2767.0,0
295,105,5294.0,4987.0,0
300,105,1252.0,1816.0,0
10,110,4002.0,4710.0,0
15,110,2664.0,3323.0,0
20,110,4377.0,4350.0,0
25,110,7824.0,7121.0,0
30,110,7317.0,6850.0,0
35,110,1105.0,976.0,0
40,110,4445.0,4389.0,0
45,110,8542.0,7734.0,0
50,110,4673.0,5242.0,0
55,110,5467.0,5279.0,0
60,110,4374.0,4125.0,0
65,110,1411.0,2322.0,0
70,110,984.0,2348.0,1
75,110,640.0,1595.0,1
80,110,530.0,1811.0,1
85,110,713.0,1576.0,1
90,110,752.0,2542.0,1
95,110,449.0,1245.0,1
100,110,983.0,1965.0,1
105,110,631.0,1913.0,1
110,110,708.0,2240.0,1
115,110,790.0,2616.0,1
120,110,560.0,1976.0,1
125,110,506.0,1455.0,1
130,110,350.0,1360.0,1
135,110,452.0,1436.0,1
140,110,463.0,1333.0,1
145,110,177.0,271.0,0
150,110,968.0,2893.0,1
155,110,793.0,2473.0,1
160,110,588.0,1763.0,1
165,110,713.0,2186.0,1
170,110,455.0,1818.0,1
175,110,433.0,1423.0,1
180,110,531.0,1454.0,1
185,110,295.0,538.0,0
190,110,374.0,827.0,1
195,110,735.0,1350.0,0
200,110,2211.0,2153.0,0
205,110,2720.0,3324.0,0
210,110,635.0,1708.0,1
215,110,1086.0,2135.0,1
220,110,895.0,1214.0,0
225,110,1511.0,1574.0,0
230,110,1453.0,1633.0,0
235,110,3860.0,4039.0,0
240,110,2808.0,2858.0,0
245,110,1798.0,2119.0,0
250,110,1777.0,1788.0,0
255,110,2468.0,1724.0,0
260,110,6339.0,6072.0,0
265,110,2791.0,2754.0,0
270,110,3253.0,3266.0,0
275,110,1189.0,969.0,0
280,110,787.0,689.0,0
285,110,705.0,789.0,0
290,110,1892.0,2362.0,0
295,110,1404.0,2714.0,1
300,110,1391.0,2358.0,0
10,115,4596.0,4590.0,0
15,115,3857.0,3553.0,0
20,115,8952.0,8078.0,0
25,115,8637.0,7775.0,0
30,115,1030.0,902.0,0
35,115,7065.0,7194.0,0
40,115,6394.0,6111.0,0
45,115,8787.0,7823.0,0
50,115,3208.0,3306.0,0
55,115,1109.0,911.0,0
60,115,5698.0,5264.0,0
65,115,940.0,1743.0,0
70,115,691.0,1725.0,1
75,115,326.0,801.0,1
80,115,438.0,1326.0,1
85,115,416.0,768.0,0
90,115,301.0,577.0,1
95,115,386.0,725.0,0
100,115,706.0,1625.0,1
105,115,1291.0,2732.0,1
110,115,514.0,1339.0,1
115,115,1926.0,2548.0,0
120,115,522.0,1597.0,1
125,115,227.0,344.0,0
130,115,217.0,434.0,1
135,115,213.0,472.0,1
140,115,669.0,1594.0,1
145,115,652.0,2251.0,1
150,115,637.0,1969.0,1
155,115,786.0,2242.0,1
160,115,1474.0,2643.0,0
165,115,627.0,2036.0,1
170,115,526.0,1961.0,1
175,115,416.0,1210.0,1
180,115,253.0,574.0,1
185,115,400.0,1157.0,1
190,115,249.0,309.0,0
195,115,1598.0,2334.0,0
200,115,3886.0,3763.0,0
205,115,4211.0,3910.0,0
210,115,1888.0,3144.0,0
215,115,981.0,2431.0,1
220,115,1066.0,1759.0,0
225,115,5759.0,5392.0,0
230,115,4362.0,4688.0,0
235,115,1043.0,1938.0,0
240,115,952.0,2105.0,1
245,115,1199.0,2415.0,1
250,115,1828.0,2445.0,0
255,115,878.0,848.0,0
260,115,1915.0,1880.0,0
265,115,589.0,471.0,0
270,115,865.0,800.0,0
275,115,10156.0,9079.0,0
280,115,10085.0,8998.0,0
285,115,1803.0,1858.0,0
290,115,1858.0,1960.0,0
295,115,948.0,1754.0,0
300,115,1052.0,1721.0,0
10,120,719.0,525.0,0
15,120,919.0,779.0,0
20,120,794.0,596.0,0
25,120,1289.0,937.0,0
30,120,5459.0,5325.0,0
35,120,3215.0,3354.0,0
40,120,6261.0,5857.0,0
45,120,2557.0,2457.0,0
50,120,8140.0,7134.0,0
55,120,6565.0,6293.0,0
60,120,5876.0,5731.0,0
65,120,1102.0,1996.0,0
70,120,808.0,1896.0,1
75,120,897.0,1961.0,1
80,120,493.0,1329.0,1
85,120,681.0,2114.0,1
90,120,399.0,1193.0,1
95,120,657.0,1492.0,1
100,120,311.0,875.0,1
105,120,414.0,1165.0,1
110,120,775.0,2417.0,1
115,120,284.0,677.0,1
120,120,174.0,259.0,0
125,120,562.0,1289.0,1
130,120,405.0,1137.0,1
135,120,554.0,1812.0,1
140,120,725.0,1733.0,1
145,120,920.0,1721.0,0
150,120,519.0,1877.0,1
155,120,373.0,1072.0,1
160,120,583.0,1952.0,1
165,120,516.0,1403.0,1
170,120,456.0,1568.0,1
175,120,257.0,479.0,0
180,120,376.0,1277.0,1
185,120,737.0,1894.0,1
190,120,457.0,846.0,0
195,120,1343.0,1781.0,0
200,120,541.0,502.0,0
205,120,4278.0,3954.0,0
210,120,3650.0,4337.0,0
215,120,2116.0,2613.0,0
220,120,4394.0,4374.0,0
225,120,804.0,716.0,0
230,120,4444.0,4199.0,0
235,120,596.0,1052.0,0
240,120,908.0,1483.0,0
245,120,900.0,2051.0,1
250,120,712.0,723.0,0
255,120,1246.0,1677.0,0
260,120,2989.0,3177.0,0
265,120,2216.0,2136.0,0
270,120,8949.0,8168.0,0
275,120,9373.0,8678.0,0
280,120,6667.0,6301.0,0
285,120,2708.0,2913.0,0
290,120,639.0,587.0,0
295,120,551.0,514.0,0
300,120,671.0,636.0,0
10,125,5592.0,5234.0,0
15,125,6859.0,6289.0,0
20,125,7948.0,7030.0,0
25,125,2119.0,2523.0,0
30,125,8515.0,7817.0,0
35,125,8321.0,8035.0,0
40,125,10041.0,8923.0,0
45,125,4826.0,4623.0,0
50,125,6941.0,6298.0,0
55,125,4485.0,4726.0,0
60,125,7294.0,6577.0,0
65,125,806.0,1649.0,1
70,125,671.0,1783.0,1
75,125,427.0,1134.0,1
80,125,283.0,887.0,1
85,125,500.0,1328.0,1
90,125,389.0,993.0,1
95,125,423.0,1292.0,1
100,125,325.0,575.0,0
105,125,885.0,2933.0,1
110,125,1005.0,2405.0,1
115,125,727.0,2560.0,1
120,125,501.0,1977.0,1
125,125,789.0,2774.0,1
130,125,455.0,1718.0,1
135,125,518.0,1771.0,1
140,125,693.0,2235.0,1
145,125,883.0,1937.0,1
150,125,709.0,2082.0,1
155,125,530.0,1822.0,1
160,125,626.0,2155.0,1
165,125,432.0,1353.0,1
170,125,332.0,913.0,1
175,125,162.0,177.0,0
180,125,180.0,179.0,0
185,125,296.0,465.0,0
190,125,989.0,2056.0,1
195,125,1555.0,2547.0,0
200,125,4683.0,4756.0,0
205,125,2926.0,3132.0,0
210,125,1081.0,2510.0,1
215,125,1352.0,2787.0,1
220,125,3879.0,3682.0,0
225,125,2662.0,2353.0,0
230,125,1471.0,1940.0,0
235,125,1376.0,2179.0,0
240,125,675.0,1726.0,1
245,125,800.0,2181.0,1
250,125,1039.0,2680.0,1
255,125,2615.0,2908.0,0
260,125,6248.0,5815.0,0
265,125,3143.0,3069.0,0
270,125,9816.0,8849.0,0
275,125,10548.0,9468.0,0
280,125,9775.0,8837.0,0
285,125,7482.0,7003.0,0
290,125,4125.0,4204.0,0
295,125,5348.0,5073.0,0
300,125,1752.0,2272.0,0
10,130,7461.0,6781.0,0
15,130,6586.0,6139.0,0
20,130,4157.0,5079.0,0
25,130,6748.0,6506.0,0
30,130,2224.0,2802.0,0
35,130,4692.0,4281.0,0
40,130,3447.0,2807.0,0
45,130,2123.0,1942.0,0
50,130,4804.0,4751.0,0
55,130,7765.0,6837.0,0
60,130,4144.0,4227.0,0
65,130,1269.0,2064.0,0
70,130,809.0,2072.0,1
75,130,622.0,1614.0,1
80,130,394.0,1187.0,1
85,130,463.0,1308.0,1
90,130,570.0,1845.0,1
95,130,308.0,697.0,1
100,130,474.0,1173.0,1
105,130,1133.0,3402.0,1
110,130,721.0,2756.0,1
115,130,765.0,2444.0,1
120,130,718.0,2530.0,1
125,130,687.0,2364.0,1
130,130,252.0,686.0,1
135,130,713.0,2297.0,1
140,130,905.0,2481.0,1
145,130,504.0,1593.0,1
150,130,703.0,2105.0,1
155,130,593.0,2107.0,1
160,130,484.0,1643.0,1
165,130,487.0,1509.0,1
170,130,216.0,375.0,0
175,130,585.0,1455.0,1
180,130,866.0,2202.0,1
185,130,712.0,1471.0,1
190,130,1148.0,1905.0,0
195,130,2610.0,2654.0,0
200,130,1349.0,1293.0,0
205,130,1153.0,1819.0,0
210,130,958.0,2507.0,1
215,130,853.0,3089.0,1
220,130,773.0,1701.0,1
225,130,1783.0,1841.0,0
230,130,1238.0,2787.0,1
235,130,887.0,1830.0,1
240,130,618.0,2192.0,1
245,130,1171.0,2124.0,0
250,130,713.0,1640.0,1
255,130,285.0,314.0,0
260,130,812.0,734.0,0
265,130,5473.0,5104.0,0
270,130,4956.0,4750.0,0
275,130,5367.0,5652.0,0
280,130,1634.0,2489.0,0
285,130,1522.0,2833.0,0
290,130,3216.0,3371.0,0
295,130,1671.0,2780.0,0
300,130,1394.0,2621.0,0
10,135,7770.0,6995.0,0
15,135,5026.0,5115.0,0
20,135,5350.0,5298.0,0
25,135,1336.0,2648.0,1
30,135,2119.0,2752.0,0
35,135,4020.0,4087.0,0
40,135,7929.0,7429.0,0
45,135,3237.0,3063.0,0
50,135,2603.0,2582.0,0
55,135,6770.0,5955.0,0
60,135,6589.0,6065.0,0
65,135,3787.0,4255.0,0
70,135,907.0,2287.0,1
75,135,322.0,657.0,1
80,135,756.0,1836.0,1
85,135,716.0,2740.0,1
90,135,449.0,924.0,1
95,135,536.0,1798.0,1
100,135,505.0,1370.0,1
105,135,341.0,1041.0,1
110,135,369.0,1006.0,1
115,135,238.0,676.0,1
120,135,2010.0,2297.0,0
125,135,907.0,3672.0,1
130,135,258.0,637.0,1
135,135,722.0,2289.0,1
140,135,853.0,2635.0,1
145,135,541.0,1831.0,1
150,135,1068.0,3525.0,1
155,135,634.0,1691.0,1
160,135,289.0,614.0,1
165,135,483.0,1310.0,1
170,135,409.0,1285.0,1
175,135,451.0,1461.0,1
180,135,712.0,1480.0,1
185,135,2987.0,3581.0,0
190,135,575.0,470.0,0
195,135,8049.0,7447.0,0
200,135,1011.0,1436.0,0
205,135,909.0,2144.0,1
210,135,1108.0,2023.0,0
215,135,497.0,1301.0,1
220,135,467.0,1221.0,1
225,135,3680.0,3649.0,0
230,135,1134.0,2171.0,1
235,135,520.0,1941.0,1
240,135,547.0,1012.0,0
245,135,557.0,1113.0,1
250,135,874.0,2048.0,1
255,135,807.0,2308.0,1
260,135,1864.0,2615.0,0
265,135,4194.0,4048.0,0
270,135,6301.0,5585.0,0
275,135,4621.0,4540.0,0
280,135,1797.0,2638.0,0
285,135,7261.0,6778.0,0
290,135,1482.0,2877.0,1
295,135,1149.0,2443.0,1
300,135,651.0,1445.0,1
10,140,2555.0,3397.0,0
15,140,4829.0,4905.0,0
20,140,1394.0,3723.0,1
25,140,1041.0,2218.0,1
30,140,1958.0,3015.0,0
35,140,5000.0,4681.0,0
40,140,6426.0,5622.0,0
45,140,7662.0,6597.0,0
50,140,4436.0,4145.0,0
55,140,9399.0,8180.0,0
60,140,6023.0,5311.0,0
65,140,1522.0,2601.0,0
70,140,1389.0,2734.0,1
75,140,797.0,1528.0,1
80,140,754.0,1742.0,1
85,140,675.0,1335.0,1
90,140,637.0,2260.0,1
95,140,384.0,1028.0,1
100,140,460.0,1105.0,1
105,140,477.0,1442.0,1
110,140,245.0,601.0,1
115,140,606.0,2132.0,1
120,140,242.0,434.0,0
125,140,1091.0,2679.0,1
130,140,855.0,3438.0,1
135,140,643.0,1716.0,1
140,140,741.0,2207.0,1
145,140,502.0,1570.0,1
150,140,709.0,2495.0,1
155,140,277.0,588.0,1
160,140,697.0,1724.0,1
165,140,227.0,510.0,1
170,140,362.0,818.0,1
175,140,551.0,1398.0,1
180,140,826.0,2075.0,1
185,140,430.0,445.0,0
190,140,1278.0,2405.0,0
195,140,1499.0,2296.0,0
200,140,1009.0,2951.0,1
205,140,826.0,1657.0,1
210,140,442.0,1525.0,1
215,140,258.0,530.0,1
220,140,703.0,1829.0,1
225,140,818.0,1495.0,0
230,140,876.0,2033.0,1
235,140,447.0,1623.0,1
240,140,693.0,1418.0,1
245,140,301.0,843.0,1
250,140,753.0,1520.0,1
255,140,1959.0,2595.0,0
260,140,2016.0,2063.0,0
265,140,1636.0,1546.0,0
270,140,7790.0,6754.0,0
275,140,1032.0,921.0,0
280,140,3545.0,3065.0,0
285,140,2102.0,1938.0,0
290,140,2680.0,3274.0,0
295,140,681.0,1086.0,0
300,140,1039.0,1837.0,0
10,145,875.0,2847.0,1
15,145,1671.0,3197.0,1
20,145,4654.0,4884.0,0
25,145,4614.0,4430.0,0
30,145,1561.0,1628.0,0
35,145,1938.0,1559.0,0
40,145,7452.0,6713.0,0
45,145,7549.0,6703.0,0
50,145,5233.0,4686.0,0
55,145,9175.0,8320.0,0
60,145,2799.0,3011.0,0
65,145,5984.0,5751.0,0
70,145,1555.0,2709.0,0
75,145,1209.0,2279.0,0
80,145,940.0,2036.0,1
85,145,564.0,1796.0,1
90,145,394.0,1105.0,1
95,145,553.0,1650.0,1
100,145,388.0,881.0,1
105,145,467.0,1186.0,1
110,145,511.0,1411.0,1
115,145,753.0,2668.0,1
120,145,660.0,2531.0,1
125,145,383.0,1070.0,1
130,145,669.0,2339.0,1
135,145,1334.0,2964.0,1
140,145,936.0,4017.0,1
145,145,824.0,3160.0,1
150,145,296.0,650.0,1
155,145,229.0,405.0,0
160,145,298.0,642.0,1
165,145,312.0,729.0,1
170,145,324.0,990.0,1
175,145,379.0,1083.0,1
180,145,231.0,260.0,0
185,145,972.0,1203.0,0
190,145,1028.0,1719.0,0
195,145,780.0,1710.0,1
200,145,949.0,1931.0,1
205,145,579.0,1482.0,1
210,145,427.0,1132.0,1
215,145,334.0,1078.0,1
220,145,921.0,2480.0,1
225,145,764.0,1845.0,1
230,145,519.0,1988.0,1
235,145,625.0,2318.0,1
240,145,371.0,1208.0,1
245,145,521.0,1300.0,1
250,145,566.0,787.0,0
255,145,3205.0,3043.0,0
260,145,726.0,630.0,0
265,145,2116.0,1840.0,0
270,145,3749.0,4088.0,0
275,145,1882.0,2256.0,0
280,145,1003.0,1674.0,0
285,145,1247.0,2478.0,1
290,145,1227.0,3144.0,1
295,145,1212.0,2975.0,1
300,145,1533.0,2826.0,0
10,150,222.0,279.0,0
15,150,1704.0,2184.0,0
20,150,6779.0,6528.0,0
25,150,3710.0,3456.0,0
30,150,714.0,624.0,0
35,150,10465.0,9454.0,0
40,150,8604.0,8100.0,0
45,150,2403.0,2451.0,0
50,150,1281.0,1169.0,0
55,150,3441.0,3345.0,0
60,150,5037.0,4682.0,0
65,150,2425.0,3084.0,0
70,150,2072.0,2839.0,0
75,150,970.0,2326.0,1
80,150,917.0,2351.0,1
85,150,727.0,2109.0,1
90,150,459.0,1525.0,1
95,150,696.0,2380.0,1
100,150,758.0,1791.0,1
105,150,807.0,2266.0,1
110,150,755.0,2114.0,1
115,150,174.0,233.0,0
120,150,361.0,819.0,1
125,150,428.0,1136.0,1
130,150,181.0,273.0,0
135,150,339.0,901.0,1
140,150,819.0,3208.0,1
145,150,817.0,3053.0,1
150,150,1047.0,2747.0,1
155,150,1014.0,2223.0,1
160,150,961.0,2140.0,1
165,150,706.0,1983.0,1
170,150,936.0,2194.0,1
175,150,609.0,2274.0,1
180,150,660.0,2256.0,1
185,150,745.0,2441.0,1
190,150,1602.0,2473.0,0
195,150,505.0,1519.0,1
200,150,310.0,742.0,1
205,150,694.0,2279.0,1
210,150,366.0,1201.0,1
215,150,601.0,1872.0,1
220,150,444.0,1553.0,1
225,150,646.0,2349.0,1
230,150,523.0,1846.0,1
235,150,468.0,1970.0,1
240,150,646.0,1742.0,1
245,150,472.0,1393.0,1
250,150,2060.0,2752.0,0
255,150,4356.0,4104.0,0
260,150,2939.0,3039.0,0
265,150,4271.0,4860.0,0
270,150,1433.0,1990.0,0
275,150,1417.0,2538.0,0
280,150,1223.0,2509.0,1
285,150,277.0,607.0,1
290,150,856.0,2673.0,1
295,150,1141.0,2874.0,1
300,150,1340.0,2837.0,1
10,155,1125.0,1529.0,0
15,155,1238.0,1099.0,0
20,155,644.0,605.0,0
25,155,795.0,778.0,0
30,155,6485.0,6422.0,0
35,155,7765.0,7470.0,0
40,155,2165.0,3231.0,0
45,155,3066.0,2636.0,0
50,155,4831.0,4577.0,0
55,155,5207.0,4750.0,0
60,155,6017.0,5667.0,0
65,155,1690.0,2126.0,0
70,155,3714.0,3616.0,0
75,155,1279.0,1227.0,0
80,155,4901.0,4778.0,0
85,155,1563.0,1968.0,0
90,155,738.0,1769.0,1
95,155,750.0,2337.0,1
100,155,447.0,1805.0,1
105,155,548.0,1761.0,1
110,155,473.0,1245.0,1
115,155,337.0,791.0,1
120,155,178.0,194.0,0
125,155,357.0,823.0,1
130,155,513.0,1567.0,1
135,155,428.0,1274.0,1
140,155,657.0,2388.0,1
145,155,752.0,2679.0,1
150,155,947.0,3961.0,1
155,155,907.0,2464.0,1
160,155,840.0,2988.0,1
165,155,443.0,1012.0,1
170,155,220.0,369.0,0
175,155,520.0,2052.0,1
180,155,877.0,2361.0,1
185,155,477.0,1855.0,1
190,155,612.0,1907.0,1
195,155,651.0,1752.0,1
200,155,673.0,1876.0,1
205,155,529.0,1551.0,1
210,155,844.0,2153.0,1
215,155,733.0,2300.0,1
220,155,570.0,1722.0,1
225,155,371.0,1221.0,1
230,155,363.0,1058.0,1
235,155,234.0,482.0,1
240,155,177.0,261.0,0
245,155,842.0,1678.0,1
250,155,1567.0,1762.0,0
255,155,677.0,606.0,0
260,155,4354.0,4199.0,0
265,155,2590.0,3651.0,0
270,155,1373.0,2462.0,0
275,155,1038.0,2225.0,1
280,155,857.0,1967.0,1
285,155,787.0,1998.0,1
290,155,411.0,1121.0,1
295,155,876.0,2777.0,1
300,155,1177.0,2772.0,1
10,160,4319.0,4104.0,0
15,160,4333.0,4336.0,0
20,160,10505.0,9584.0,0
25,160,5822.0,5573.0,0
30,160,1959.0,2511.0,0
35,160,3206.0,3310.0,0
40,160,1535.0,2282.0,0
45,160,3685.0,4331.0,0
50,160,4244.0,3883.0,0
55,160,5932.0,5585.0,0
60,160,1803.0,1806.0,0
65,160,675.0,590.0,0
70,160,1090.0,982.0,0
75,160,1820.0,2757.0,0
80,160,2036.0,3418.0,0
85,160,1779.0,3139.0,0
90,160,822.0,1981.0,1
95,160,582.0,1724.0,1
100,160,505.0,1884.0,1
105,160,557.0,1828.0,1
110,160,321.0,859.0,1
115,160,180.0,186.0,0
120,160,777.0,2135.0,1
125,160,666.0,2284.0,1
130,160,799.0,2749.0,1
135,160,541.0,1850.0,1
140,160,507.0,1478.0,1
145,160,613.0,2518.0,1
150,160,640.0,2688.0,1
155,160,776.0,2621.0,1
160,160,503.0,1593.0,1
165,160,575.0,1637.0,1
170,160,370.0,959.0,1
175,160,435.0,1311.0,1
180,160,508.0,1470.0,1
185,160,752.0,2506.0,1
190,160,738.0,2118.0,1
195,160,657.0,2318.0,1
200,160,902.0,2731.0,1
205,160,391.0,1083.0,1
210,160,413.0,799.0,1
215,160,185.0,264.0,0
220,160,292.0,508.0,0
225,160,436.0,1490.0,1
230,160,530.0,1306.0,1
235,160,384.0,1519.0,1
240,160,546.0,2244.0,1
245,160,679.0,1728.0,1
250,160,1638.0,2210.0,0
255,160,7243.0,6632.0,0
260,160,2162.0,2611.0,0
265,160,1367.0,2425.0,0
270,160,1062.0,2374.0,1
275,160,1116.0,2738.0,1
280,160,1345.0,3172.0,1
285,160,970.0,3077.0,1
290,160,1170.0,3286.0,1
295,160,792.0,1927.0,1
300,160,538.0,1298.0,1
10,165,1734.0,2224.0,0
15,165,1695.0,2366.0,0
20,165,1523.0,2230.0,0
25,165,2163.0,3332.0,0
30,165,2285.0,2082.0,0
35,165,1195.0,3912.0,1
40,165,1225.0,2095.0,0
45,165,2979.0,3119.0,0
50,165,3584.0,4332.0,0
55,165,227.0,160.0,0
60,165,7507.0,6897.0,0
65,165,876.0,744.0,0
70,165,4908.0,4695.0,0
75,165,2631.0,3554.0,0
80,165,3009.0,2968.0,0
85,165,979.0,1894.0,1
90,165,761.0,2007.0,1
95,165,645.0,1899.0,1
100,165,607.0,1828.0,1
105,165,832.0,2449.0,1
110,165,906.0,2403.0,1
115,165,799.0,2260.0,1
120,165,588.0,1657.0,1
125,165,573.0,1673.0,1
130,165,635.0,2430.0,1
135,165,855.0,2814.0,1
140,165,488.0,1573.0,1
145,165,560.0,1986.0,1
150,165,457.0,1460.0,1
155,165,351.0,742.0,1
160,165,326.0,930.0,1
165,165,420.0,1328.0,1
170,165,616.0,1959.0,1
175,165,539.0,1671.0,1
180,165,668.0,2128.0,1
185,165,946.0,2886.0,1
190,165,921.0,2938.0,1
195,165,178.0,203.0,0
200,165,180.0,247.0,0
205,165,234.0,470.0,1
210,165,183.0,260.0,0
215,165,150.0,182.0,0
220,165,364.0,680.0,0
225,165,541.0,1888.0,1
230,165,287.0,802.0,1
235,165,380.0,989.0,1
240,165,348.0,1014.0,1
245,165,703.0,1531.0,1
250,165,1295.0,2315.0,0
255,165,5381.0,5553.0,0
260,165,2872.0,2517.0,0
265,165,653.0,1088.0,0
270,165,344.0,750.0,1
275,165,451.0,1225.0,1
280,165,910.0,2773.0,1
285,165,564.0,1851.0,1
290,165,1177.0,3281.0,1
295,165,1160.0,2693.0,1
300,165,923.0,3270.0,1
10,170,1246.0,2777.0,1
15,170,667.0,2118.0,1
20,170,323.0,410.0,0
25,170,2171.0,2821.0,0
30,170,1218.0,2226.0,0
35,170,1198.0,2663.0,1
40,170,4159.0,4121.0,0
45,170,3292.0,2750.0,0
50,170,7950.0,7309.0,0
55,170,5086.0,4799.0,0
60,170,5303.0,4930.0,0
65,170,5089.0,4596.0,0
70,170,7785.0,7304.0,0
75,170,1114.0,992.0,0
80,170,1934.0,1934.0,0
85,170,3292.0,3391.0,0
90,170,1092.0,2746.0,1
95,170,1126.0,2957.0,1
100,170,607.0,1910.0,1
105,170,837.0,2079.0,1
110,170,790.0,2212.0,1
115,170,810.0,2039.0,1
120,170,517.0,1746.0,1
125,170,793.0,3249.0,1
130,170,758.0,2686.0,1
135,170,328.0,638.0,1
140,170,784.0,2864.0,1
145,170,444.0,1747.0,1
150,170,649.0,2584.0,1
155,170,615.0,2185.0,1
160,170,891.0,3257.0,1
165,170,771.0,2658.0,1
170,170,853.0,3173.0,1
175,170,1452.0,4255.0,1
180,170,573.0,1523.0,1
185,170,243.0,550.0,1
190,170,171.0,305.0,0
195,170,222.0,487.0,1
200,170,561.0,1649.0,1
205,170,334.0,923.0,1
210,170,563.0,1406.0,1
215,170,299.0,413.0,0
220,170,252.0,435.0,0
225,170,466.0,1363.0,1
230,170,287.0,791.0,1
235,170,611.0,1763.0,1
240,170,647.0,1476.0,1
245,170,990.0,2359.0,1
250,170,197.0,166.0,0
255,170,3719.0,3925.0,0
260,170,3049.0,3486.0,0
265,170,692.0,1938.0,1
270,170,587.0,1727.0,1
275,170,518.0,1835.0,1
280,170,512.0,1932.0,1
285,170,504.0,1453.0,1
290,170,1229.0,3405.0,1
295,170,1375.0,3148.0,1
300,170,709.0,2428.0,1
10,175,512.0,1668.0,1
15,175,542.0,2100.0,1
20,175,861.0,2216.0,1
25,175,1135.0,2441.0,1
30,175,948.0,2517.0,1
35,175,4773.0,4653.0,0
40,175,2758.0,2498.0,0
45,175,3557.0,3465.0,0
50,175,2770.0,2637.0,0
55,175,3104.0,2938.0,0
60,175,4409.0,4099.0,0
65,175,6771.0,6487.0,0
70,175,5458.0,4987.0,0
75,175,7024.0,7027.0,0
80,175,4527.0,4670.0,0
85,175,3188.0,3382.0,0
90,175,1142.0,3128.0,1
95,175,1059.0,2897.0,1
100,175,657.0,2161.0,1
105,175,645.0,2061.0,1
110,175,519.0,1434.0,1
115,175,391.0,811.0,1
120,175,668.0,1620.0,1
125,175,258.0,566.0,1
130,175,206.0,343.0,0
135,175,532.0,1913.0,1
140,175,677.0,2515.0,1
145,175,254.0,637.0,1
150,175,1799.0,1590.0,0
155,175,1106.0,4291.0,1
160,175,823.0,2792.0,1
165,175,196.0,366.0,0
170,175,244.0,528.0,1
175,175,347.0,827.0,1
180,175,501.0,1155.0,1
185,175,353.0,801.0,1
190,175,313.0,645.0,1
195,175,330.0,804.0,1
200,175,259.0,494.0,0
205,175,346.0,810.0,1
210,175,603.0,1275.0,1
215,175,2847.0,2961.0,0
220,175,680.0,1897.0,1
225,175,663.0,1855.0,1
230,175,458.0,1051.0,1
235,175,640.0,1665.0,1
240,175,376.0,768.0,1
245,175,3556.0,3395.0,0
250,175,2542.0,3085.0,0
255,175,1590.0,2256.0,0
260,175,963.0,1833.0,0
265,175,585.0,1471.0,1
270,175,604.0,1375.0,1
275,175,586.0,1683.0,1
280,175,990.0,2697.0,1
285,175,1080.0,2404.0,1
290,175,903.0,2733.0,1
295,175,837.0,2904.0,1
300,175,210.0,587.0,1
10,180,1329.0,2439.0,0
15,180,409.0,934.0,1
20,180,1253.0,2909.0,1
25,180,1063.0,2381.0,1
30,180,199.0,250.0,0
35,180,1500.0,1504.0,0
40,180,2242.0,2883.0,0
45,180,2261.0,2339.0,0
50,180,2424.0,2235.0,0
55,180,2090.0,2820.0,0
60,180,2336.0,2948.0,0
65,180,2422.0,2642.0,0
70,180,930.0,777.0,0
75,180,1680.0,1617.0,0
80,180,6479.0,6602.0,0
85,180,1948.0,2436.0,0
90,180,637.0,675.0,0
95,180,719.0,1263.0,0
100,180,780.0,2010.0,1
105,180,561.0,1460.0,1
110,180,592.0,1630.0,1
115,180,475.0,1172.0,1
120,180,339.0,650.0,1
125,180,425.0,1094.0,1
130,180,813.0,2776.0,1
135,180,645.0,2494.0,1
140,180,415.0,1279.0,1
145,180,574.0,2064.0,1
150,180,859.0,3365.0,1
155,180,1947.0,2131.0,0
160,180,515.0,1616.0,1
165,180,619.0,2080.0,1
170,180,611.0,1858.0,1
175,180,305.0,608.0,1
180,180,318.0,586.0,0
185,180,189.0,266.0,0
190,180,254.0,455.0,0
195,180,458.0,1661.0,1
200,180,233.0,606.0,1
205,180,228.0,248.0,0
210,180,1191.0,1788.0,0
215,180,879.0,2182.0,1
220,180,955.0,2735.0,1
225,180,948.0,2388.0,1
230,180,365.0,554.0,0
235,180,974.0,1992.0,1
240,180,4265.0,4244.0,0
245,180,1185.0,1086.0,0
250,180,4106.0,4055.0,0
255,180,1210.0,2514.0,1
260,180,1052.0,1945.0,0
265,180,551.0,1629.0,1
270,180,532.0,1739.0,1
275,180,796.0,2589.0,1
280,180,1421.0,2534.0,0
285,180,998.0,2174.0,1
290,180,1128.0,2724.0,1
295,180,1259.0,1911.0,0
300,180,247.0,477.0,1
10,185,1102.0,3243.0,1
15,185,542.0,1200.0,1
20,185,380.0,917.0,1
25,185,970.0,2293.0,1
30,185,887.0,1748.0,1
35,185,1138.0,2047.0,0
40,185,1558.0,2413.0,0
45,185,2469.0,1977.0,0
50,185,2839.0,3549.0,0
55,185,2007.0,3185.0,0
60,185,1740.0,2689.0,0
65,185,1395.0,1407.0,0
70,185,3735.0,3643.0,0
75,185,5804.0,5605.0,0
80,185,1953.0,1668.0,0
85,185,3181.0,3162.0,0
90,185,1059.0,2958.0,1
95,185,905.0,2228.0,1
100,185,632.0,2139.0,1
105,185,970.0,2676.0,1
110,185,482.0,1088.0,1
115,185,621.0,1909.0,1
120,185,768.0,2291.0,1
125,185,784.0,2422.0,1
130,185,945.0,3359.0,1
135,185,642.0,2574.0,1
140,185,871.0,3519.0,1
145,185,204.0,505.0,1
150,185,342.0,984.0,1
155,185,531.0,1864.0,1
160,185,754.0,3152.0,1
165,185,551.0,1968.0,1
170,185,603.0,2007.0,1
175,185,843.0,3180.0,1
180,185,340.0,759.0,1
185,185,317.0,725.0,1
190,185,227.0,413.0,0
195,185,377.0,964.0,1
200,185,336.0,931.0,1
205,185,549.0,1421.0,1
210,185,900.0,1990.0,1
215,185,873.0,1739.0,1
220,185,882.0,1503.0,0
225,185,611.0,1392.0,1
230,185,1115.0,1784.0,0
235,185,945.0,1671.0,0
240,185,1014.0,2122.0,1
245,185,815.0,1600.0,1
250,185,792.0,2500.0,1
255,185,786.0,2302.0,1
260,185,486.0,1932.0,1
265,185,549.0,1216.0,1
270,185,528.0,1217.0,1
275,185,861.0,2717.0,1
280,185,1204.0,2228.0,0
285,185,905.0,2982.0,1
290,185,999.0,2976.0,1
295,185,1041.0,2534.0,1
300,185,207.0,379.0,0
10,190,435.0,1122.0,1
15,190,518.0,1662.0,1
20,190,574.0,2394.0,1
25,190,789.0,2813.0,1
30,190,640.0,943.0,0
35,190,973.0,2878.0,1
40,190,606.0,1233.0,1
45,190,1159.0,2776.0,1
50,190,1171.0,2804.0,1
55,190,1091.0,4000.0,1
60,190,621.0,657.0,0
65,190,4285.0,3733.0,0
70,190,783.0,759.0,0
75,190,4078.0,3916.0,0
80,190,9020.0,8144.0,0
85,190,3685.0,3773.0,0
90,190,1052.0,3176.0,1
95,190,636.0,1618.0,1
100,190,246.0,361.0,0
105,190,657.0,1685.0,1
110,190,543.0,1323.0,1
115,190,560.0,1452.0,1
120,190,406.0,1164.0,1
125,190,369.0,892.0,1
130,190,355.0,1078.0,1
135,190,273.0,669.0,1
140,190,446.0,1813.0,1
145,190,258.0,561.0,1
150,190,491.0,1654.0,1
155,190,753.0,2928.0,1
160,190,2125.0,1932.0,0
165,190,675.0,2261.0,1
170,190,668.0,1974.0,1
175,190,457.0,1238.0,1
180,190,318.0,756.0,1
185,190,210.0,313.0,0
190,190,578.0,1882.0,1
195,190,361.0,1068.0,1
200,190,177.0,217.0,0
205,190,788.0,1742.0,1
210,190,570.0,1567.0,1
215,190,850.0,2583.0,1
220,190,772.0,1993.0,1
225,190,463.0,1405.0,1
230,190,640.0,2126.0,1
235,190,978.0,2625.0,1
240,190,740.0,2067.0,1
245,190,436.0,1339.0,1
250,190,502.0,1930.0,1
255,190,678.0,2478.0,1
260,190,521.0,1726.0,1
265,190,1967.0,3284.0,0
270,190,599.0,1934.0,1
275,190,517.0,1603.0,1
280,190,405.0,1288.0,1
285,190,1164.0,4369.0,1
290,190,672.0,2878.0,1
295,190,234.0,282.0,0
300,190,197.0,332.0,0
10,195,726.0,3284.0,1
15,195,384.0,905.0,1
20,195,434.0,1205.0,1
25,195,493.0,1609.0,1
30,195,506.0,1795.0,1
35,195,463.0,1489.0,1
40,195,548.0,1780.0,1
45,195,911.0,2973.0,1
50,195,890.0,2722.0,1
55,195,1056.0,2550.0,1
60,195,4248.0,4083.0,0
65,195,5006.0,4947.0,0
70,195,9332.0,8358.0,0
75,195,8193.0,7483.0,0
80,195,7741.0,7237.0,0
85,195,1993.0,2651.0,0
90,195,990.0,1922.0,1
95,195,1415.0,2418.0,0
100,195,826.0,2205.0,1
105,195,738.0,1767.0,1
110,195,642.0,2174.0,1
115,195,542.0,1280.0,1
120,195,173.0,280.0,0
125,195,486.0,1164.0,1
130,195,405.0,1044.0,1
135,195,327.0,684.0,1
140,195,350.0,946.0,1
145,195,528.0,1822.0,1
150,195,713.0,3077.0,1
155,195,966.0,3837.0,1
160,195,1046.0,1554.0,0
165,195,725.0,3000.0,1
170,195,582.0,1858.0,1
175,195,466.0,1347.0,1
180,195,554.0,1596.0,1
185,195,564.0,2016.0,1
190,195,264.0,680.0,1
195,195,691.0,1842.0,1
200,195,951.0,2225.0,1
205,195,674.0,1935.0,1
210,195,719.0,2295.0,1
215,195,678.0,2036.0,1
220,195,628.0,2034.0,1
225,195,611.0,2034.0,1
230,195,532.0,1894.0,1
235,195,889.0,1881.0,1
240,195,606.0,2130.0,1
245,195,590.0,2272.0,1
250,195,1268.0,2656.0,1
255,195,679.0,2368.0,1
260,195,475.0,1500.0,1
265,195,1675.0,3124.0,0
270,195,1465.0,2778.0,0
275,195,1621.0,3177.0,1
280,195,935.0,3151.0,1
285,195,959.0,2618.0,1
290,195,528.0,2023.0,1
295,195,213.0,465.0,1
300,195,179.0,176.0,0
10,200,524.0,1720.0,1
15,200,940.0,3329.0,1
20,200,925.0,3400.0,1
25,200,550.0,2438.0,1
30,200,570.0,1671.0,1
35,200,652.0,2597.0,1
40,200,800.0,2873.0,1
45,200,895.0,3627.0,1
50,200,467.0,858.0,0
55,200,503.0,595.0,0
60,200,892.0,827.0,0
65,200,554.0,652.0,0
70,200,5696.0,5189.0,0
75,200,4462.0,4478.0,0
80,200,3929.0,3841.0,0
85,200,4351.0,4326.0,0
90,200,1819.0,3068.0,0
95,200,1115.0,2015.0,0
100,200,1099.0,2434.0,1
105,200,929.0,1875.0,1
110,200,654.0,1943.0,1
115,200,388.0,1033.0,1
120,200,308.0,555.0,0
125,200,513.0,1544.0,1
130,200,227.0,347.0,0
135,200,805.0,2052.0,1
140,200,368.0,887.0,1
145,200,332.0,746.0,1
150,200,375.0,865.0,1
155,200,424.0,1288.0,1
160,200,580.0,2271.0,1
165,200,2197.0,1788.0,0
170,200,1197.0,4224.0,1
175,200,609.0,2007.0,1
180,200,1029.0,3379.0,1
185,200,1049.0,2934.0,1
190,200,459.0,1478.0,1
195,200,657.0,2351.0,1
200,200,312.0,762.0,1
205,200,574.0,2179.0,1
210,200,372.0,1353.0,1
215,200,646.0,2190.0,1
220,200,499.0,1820.0,1
225,200,376.0,1295.0,1
230,200,723.0,2649.0,1
235,200,991.0,3054.0,1
240,200,1069.0,3676.0,1
245,200,1180.0,2739.0,1
250,200,1792.0,3235.0,0
255,200,1265.0,2476.0,1
260,200,1253.0,3238.0,1
265,200,1143.0,4033.0,1
270,200,923.0,3955.0,1
275,200,900.0,3776.0,1
280,200,1017.0,2157.0,1
285,200,759.0,2048.0,1
290,200,174.0,308.0,0
295,200,176.0,202.0,0
300,200,368.0,723.0,1
10,205,662.0,2675.0,1
15,205,305.0,872.0,1
20,205,537.0,1553.0,1
25,205,685.0,2279.0,1
30,205,587.0,2183.0,1
35,205,461.0,1678.0,1
40,205,696.0,2600.0,1
45,205,480.0,1312.0,1
50,205,722.0,1886.0,1
55,205,369.0,508.0,0
60,205,3834.0,3939.0,0
65,205,7429.0,7110.0,0
70,205,6290.0,5888.0,0
75,205,1295.0,2205.0,0
80,205,2824.0,3165.0,0
85,205,1681.0,2990.0,0
90,205,884.0,2586.0,1
95,205,746.0,2106.0,1
100,205,1060.0,2127.0,1
105,205,836.0,2888.0,1
110,205,607.0,1714.0,1
115,205,601.0,1821.0,1
120,205,526.0,1810.0,1
125,205,520.0,1486.0,1
130,205,802.0,2574.0,1
135,205,669.0,2098.0,1
140,205,750.0,2052.0,1
145,205,845.0,2828.0,1
150,205,653.0,2092.0,1
155,205,630.0,1824.0,1
160,205,192.0,238.0,0
165,205,299.0,738.0,1
170,205,2048.0,2205.0,0
175,205,611.0,1693.0,1
180,205,291.0,571.0,1
185,205,384.0,1072.0,1
190,205,1036.0,2786.0,1
195,205,259.0,559.0,1
200,205,412.0,1458.0,1
205,205,737.0,2296.0,1
210,205,280.0,796.0,1
215,205,592.0,1893.0,1
220,205,512.0,1694.0,1
225,205,727.0,2536.0,1
230,205,1018.0,3854.0,1
235,205,1476.0,3712.0,1
240,205,807.0,2532.0,1
245,205,1591.0,3474.0,1
250,205,1381.0,3419.0,1
255,205,1712.0,3613.0,1
260,205,1690.0,3601.0,1
265,205,624.0,2321.0,1
270,205,1161.0,3720.0,1
275,205,1006.0,4619.0,1
280,205,442.0,1167.0,1
285,205,214.0,507.0,1
290,205,244.0,550.0,1
295,205,310.0,607.0,1
300,205,290.0,851.0,1
10,210,657.0,3052.0,1
15,210,267.0,677.0,1
20,210,365.0,758.0,1
25,210,484.0,1590.0,1
30,210,608.0,2168.0,1
35,210,473.0,986.0,1
40,210,475.0,1582.0,1
45,210,437.0,1005.0,1
50,210,935.0,1747.0,0
55,210,972.0,1519.0,0
60,210,5084.0,4948.0,0
65,210,3031.0,2468.0,0
70,210,1865.0,2325.0,0
75,210,2259.0,2727.0,0
80,210,3369.0,3365.0,0
85,210,1163.0,1540.0,0
90,210,1232.0,1884.0,0
95,210,849.0,2211.0,1
100,210,798.0,2406.0,1
105,210,1413.0,2808.0,1
110,210,944.0,3249.0,1
115,210,637.0,2056.0,1
120,210,505.0,1797.0,1
125,210,458.0,1385.0,1
130,210,405.0,828.0,1
135,210,317.0,842.0,1
140,210,856.0,1942.0,1
145,210,557.0,2002.0,1
150,210,205.0,409.0,1
155,210,307.0,697.0,1
160,210,734.0,3025.0,1
165,210,692.0,3670.0,1
170,210,754.0,1041.0,0
175,210,416.0,1617.0,1
180,210,746.0,2568.0,1
185,210,574.0,2204.0,1
190,210,435.0,1426.0,1
195,210,231.0,501.0,1
200,210,207.0,406.0,1
205,210,410.0,1281.0,1
210,210,1321.0,2345.0,0
215,210,1665.0,3464.0,1
220,210,763.0,3010.0,1
225,210,915.0,3554.0,1
230,210,1565.0,3601.0,1
235,210,1292.0,2975.0,1
240,210,955.0,3544.0,1
245,210,1187.0,3427.0,1
250,210,982.0,3325.0,1
255,210,1346.0,3282.0,1
260,210,1258.0,5609.0,1
265,210,954.0,4038.0,1
270,210,236.0,624.0,1
275,210,232.0,489.0,1
280,210,452.0,1288.0,1
285,210,492.0,1782.0,1
290,210,180.0,313.0,0
295,210,1159.0,2257.0,1
300,210,300.0,841.0,1
10,215,263.0,599.0,1
15,215,199.0,344.0,0
20,215,390.0,1136.0,1
25,215,413.0,979.0,1
30,215,390.0,677.0,0
35,215,292.0,575.0,1
40,215,383.0,913.0,1
45,215,869.0,1801.0,1
50,215,893.0,1953.0,1
55,215,2702.0,3044.0,0
60,215,1965.0,2206.0,0
65,215,726.0,763.0,0
70,215,2244.0,2918.0,0
75,215,1685.0,2927.0,0
80,215,1209.0,2557.0,1
85,215,875.0,1789.0,1
90,215,649.0,1894.0,1
95,215,519.0,1472.0,1
100,215,751.0,2022.0,1
105,215,1536.0,2374.0,0
110,215,663.0,1802.0,1
115,215,592.0,2084.0,1
120,215,697.0,1816.0,1
125,215,756.0,2026.0,1
130,215,1522.0,2631.0,0
135,215,723.0,2234.0,1
140,215,173.0,295.0,0
145,215,224.0,510.0,1
150,215,243.0,504.0,1
155,215,846.0,2616.0,1
160,215,422.0,1186.0,1
165,215,536.0,1885.0,1
170,215,879.0,2883.0,1
175,215,1490.0,1576.0,0
180,215,500.0,2038.0,1
185,215,242.0,623.0,1
190,215,610.0,1968.0,1
195,215,523.0,1483.0,1
200,215,599.0,1844.0,1
205,215,1288.0,2643.0,1
210,215,1649.0,3319.0,1
215,215,1625.0,3852.0,1
220,215,851.0,3617.0,1
225,215,868.0,3882.0,1
230,215,1382.0,3520.0,1
235,215,1432.0,3260.0,1
240,215,815.0,2173.0,1
245,215,926.0,4040.0,1
250,215,922.0,1326.0,0
255,215,799.0,2527.0,1
260,215,1016.0,2203.0,1
265,215,698.0,3093.0,1
270,215,180.0,322.0,0
275,215,558.0,2096.0,1
280,215,496.0,1717.0,1
285,215,257.0,628.0,1
290,215,231.0,353.0,0
295,215,278.0,593.0,1
300,215,849.0,1708.0,1
10,220,516.0,1605.0,1
15,220,578.0,1977.0,1
20,220,504.0,1554.0,1
25,220,505.0,1450.0,1
30,220,452.0,1699.0,1
35,220,456.0,1400.0,1
40,220,916.0,2061.0,1
45,220,1495.0,2300.0,0
50,220,1679.0,2385.0,0
55,220,5511.0,5347.0,0
60,220,3541.0,3976.0,0
65,220,1414.0,2273.0,0
70,220,1425.0,2228.0,0
75,220,1088.0,1996.0,0
80,220,790.0,2474.0,1
85,220,706.0,1612.0,1
90,220,684.0,2494.0,1
95,220,801.0,2272.0,1
100,220,382.0,1134.0,1
105,220,2297.0,2513.0,0
110,220,704.0,1905.0,1
115,220,445.0,1694.0,1
120,220,918.0,2427.0,1
125,220,176.0,190.0,0
130,220,203.0,248.0,0
135,220,365.0,440.0,0
140,220,178.0,229.0,0
145,220,224.0,293.0,0
150,220,485.0,1200.0,1
155,220,533.0,1334.0,1
160,220,603.0,1890.0,1
165,220,470.0,1670.0,1
170,220,519.0,2298.0,1
175,220,605.0,1075.0,0
180,220,200.0,390.0,1
185,220,367.0,925.0,1
190,220,1297.0,4022.0,1
195,220,1065.0,4635.0,1
200,220,1030.0,3908.0,1
205,220,1118.0,2873.0,1
210,220,847.0,2615.0,1
215,220,670.0,2828.0,1
220,220,745.0,3515.0,1
225,220,978.0,4095.0,1
230,220,493.0,1531.0,1
235,220,322.0,1057.0,1
240,220,525.0,2272.0,1
245,220,285.0,543.0,0
250,220,257.0,648.0,1
255,220,525.0,1970.0,1
260,220,180.0,487.0,1
265,220,200.0,413.0,1
270,220,241.0,509.0,1
275,220,376.0,1041.0,1
280,220,276.0,791.0,1
285,220,730.0,2434.0,1
290,220,511.0,1567.0,1
295,220,191.0,357.0,0
300,220,158.0,182.0,0
10,225,314.0,650.0,1
15,225,712.0,2210.0,1
20,225,272.0,492.0,0
25,225,343.0,503.0,0
30,225,439.0,1391.0,1
35,225,394.0,1119.0,1
40,225,1084.0,2367.0,1
45,225,2590.0,2873.0,0
50,225,2272.0,2520.0,0
55,225,1273.0,2199.0,0
60,225,1370.0,2194.0,0
65,225,1038.0,2398.0,1
70,225,1266.0,2340.0,0
75,225,881.0,2146.0,1
80,225,720.0,2452.0,1
85,225,647.0,2450.0,1
90,225,517.0,1341.0,1
95,225,350.0,758.0,1
100,225,1051.0,2158.0,1
105,225,4360.0,4232.0,0
110,225,479.0,733.0,0
115,225,275.0,633.0,1
120,225,169.0,194.0,0
125,225,1206.0,2089.0,0
130,225,207.0,252.0,0
135,225,361.0,739.0,1
140,225,380.0,994.0,1
145,225,720.0,1993.0,1
150,225,739.0,2544.0,1
155,225,926.0,3099.0,1
160,225,1234.0,4439.0,1
165,225,667.0,2820.0,1
170,225,848.0,3035.0,1
175,225,309.0,368.0,0
180,225,1189.0,3589.0,1
185,225,1191.0,3372.0,1
190,225,699.0,2381.0,1
195,225,718.0,2902.0,1
200,225,875.0,3701.0,1
205,225,854.0,3029.0,1
210,225,1129.0,4152.0,1
215,225,746.0,3302.0,1
220,225,642.0,2872.0,1
225,225,435.0,1646.0,1
230,225,188.0,367.0,1
235,225,190.0,346.0,0
240,225,314.0,931.0,1
245,225,428.0,1302.0,1
250,225,576.0,2536.0,1
255,225,409.0,1298.0,1
260,225,246.0,774.0,1
265,225,476.0,1724.0,1
270,225,479.0,1486.0,1
275,225,389.0,931.0,1
280,225,219.0,410.0,0
285,225,227.0,492.0,1
290,225,877.0,2902.0,1
295,225,265.0,517.0,1
300,225,412.0,855.0,1
10,230,559.0,1803.0,1
15,230,1093.0,3180.0,1
20,230,954.0,2803.0,1
25,230,578.0,1043.0,0
30,230,405.0,1326.0,1
35,230,747.0,2374.0,1
40,230,731.0,1817.0,1
45,230,2095.0,2635.0,0
50,230,1271.0,2657.0,1
55,230,1129.0,2847.0,1
60,230,932.0,1882.0,1
65,230,1089.0,2710.0,1
70,230,1092.0,2272.0,1
75,230,828.0,2502.0,1
80,230,883.0,2743.0,1
85,230,698.0,1343.0,1
90,230,682.0,1704.0,1
95,230,498.0,990.0,1
100,230,345.0,513.0,0
105,230,840.0,1328.0,0
110,230,889.0,2129.0,1
115,230,987.0,1960.0,1
120,230,206.0,274.0,0
125,230,361.0,582.0,0
130,230,502.0,805.0,0
135,230,1128.0,1760.0,0
140,230,1260.0,2372.0,0
145,230,626.0,1984.0,1
150,230,697.0,1625.0,1
155,230,1347.0,3119.0,1
160,230,398.0,1257.0,1
165,230,205.0,443.0,1
170,230,472.0,857.0,0
175,230,208.0,467.0,1
180,230,986.0,3149.0,1
185,230,1424.0,2142.0,0
190,230,993.0,3280.0,1
195,230,1095.0,3806.0,1
200,230,812.0,3551.0,1
205,230,685.0,2244.0,1
210,230,1175.0,3136.0,1
215,230,931.0,3741.0,1
220,230,703.0,2440.0,1
225,230,189.0,498.0,1
230,230,179.0,436.0,1
235,230,162.0,252.0,0
240,230,178.0,284.0,0
245,230,316.0,1058.0,1
250,230,259.0,638.0,1
255,230,904.0,3970.0,1
260,230,571.0,1912.0,1
265,230,460.0,1418.0,1
270,230,268.0,418.0,0
275,230,501.0,1464.0,1
280,230,294.0,788.0,1
285,230,386.0,844.0,1
290,230,359.0,852.0,1
295,230,666.0,1214.0,0
300,230,493.0,674.0,0
10,235,410.0,1122.0,1
15,235,902.0,1205.0,0
20,235,223.0,544.0,1
25,235,545.0,790.0,0
30,235,361.0,1138.0,1
35,235,616.0,1624.0,1
40,235,1078.0,1983.0,0
45,235,1446.0,2147.0,0
50,235,1539.0,2910.0,0
55,235,1228.0,2376.0,1
60,235,1136.0,2580.0,1
65,235,1005.0,1787.0,0
70,235,236.0,409.0,0
75,235,724.0,2521.0,1
80,235,860.0,2037.0,1
85,235,537.0,1732.0,1
90,235,801.0,2192.0,1
95,235,1041.0,2614.0,1
100,235,1610.0,2864.0,0
105,235,1698.0,2482.0,0
110,235,805.0,1154.0,0
115,235,425.0,458.0,0
120,235,474.0,510.0,0
125,235,1339.0,1625.0,0
130,235,1785.0,2352.0,0
135,235,1995.0,3153.0,0
140,235,1710.0,2932.0,0
145,235,1211.0,2578.0,1
150,235,1346.0,2547.0,0
155,235,217.0,397.0,0
160,235,550.0,1537.0,1
165,235,242.0,578.0,1
170,235,199.0,283.0,0
175,235,915.0,3226.0,1
180,235,575.0,2780.0,1
185,235,562.0,2430.0,1
190,235,444.0,1746.0,1
195,235,2238.0,2487.0,0
200,235,874.0,3441.0,1
205,235,1252.0,3402.0,1
210,235,892.0,4079.0,1
215,235,264.0,688.0,1
220,235,198.0,440.0,1
225,235,187.0,409.0,1
230,235,195.0,383.0,1
235,235,166.0,215.0,0
240,235,184.0,301.0,0
245,235,168.0,226.0,0
250,235,173.0,240.0,0
255,235,184.0,283.0,0
260,235,670.0,2070.0,1
265,235,196.0,262.0,0
270,235,195.0,270.0,0
275,235,279.0,620.0,1
280,235,396.0,936.0,1
285,235,529.0,1859.0,1
290,235,405.0,698.0,0
295,235,213.0,364.0,0
300,235,585.0,1927.0,1
10,240,320.0,942.0,1
15,240,1087.0,2137.0,1
20,240,670.0,1191.0,0
25,240,462.0,1351.0,1
30,240,479.0,1846.0,1
35,240,635.0,1677.0,1
40,240,1559.0,2248.0,0
45,240,1223.0,2342.0,1
50,240,1154.0,3125.0,1
55,240,779.0,2419.0,1
60,240,1207.0,2346.0,1
65,240,557.0,1572.0,1
70,240,717.0,2462.0,1
75,240,550.0,1712.0,1
80,240,645.0,1633.0,1
85,240,1105.0,2701.0,1
90,240,637.0,1989.0,1
95,240,515.0,1819.0,1
100,240,1114.0,2383.0,1
105,240,1044.0,2047.0,1
110,240,2217.0,2246.0,0
115,240,1999.0,2299.0,0
120,240,1672.0,2163.0,0
125,240,1220.0,2351.0,1
130,240,1534.0,2360.0,0
135,240,1719.0,2503.0,0
140,240,276.0,286.0,0
145,240,193.0,182.0,0
150,240,188.0,209.0,0
155,240,201.0,241.0,0
160,240,354.0,596.0,0
165,240,254.0,431.0,0
170,240,508.0,1550.0,1
175,240,931.0,3415.0,1
180,240,268.0,630.0,1
185,240,218.0,315.0,0
190,240,572.0,1811.0,1
195,240,363.0,1515.0,1
200,240,2518.0,2797.0,0
205,240,1100.0,2502.0,1
210,240,228.0,522.0,1
215,240,376.0,1348.0,1
220,240,193.0,422.0,1
225,240,198.0,348.0,0
230,240,408.0,1335.0,1
235,240,890.0,2421.0,1
240,240,1182.0,3266.0,1
245,240,307.0,715.0,1
250,240,214.0,383.0,0
255,240,185.0,237.0,0
260,240,175.0,284.0,0
265,240,605.0,2122.0,1
270,240,256.0,748.0,1
275,240,276.0,541.0,1
280,240,335.0,903.0,1
285,240,1014.0,1741.0,0
290,240,492.0,1235.0,1
295,240,348.0,1105.0,1
300,240,482.0,1096.0,1
10,245,354.0,744.0,1
15,245,486.0,907.0,0
20,245,597.0,1336.0,1
25,245,423.0,1336.0,1
30,245,799.0,1897.0,1
35,245,1451.0,2644.0,0
40,245,1103.0,2386.0,1
45,245,1187.0,2403.0,1
50,245,714.0,2036.0,1
55,245,624.0,1595.0,1
60,245,862.0,2262.0,1
65,245,279.0,564.0,1
70,245,205.0,292.0,0
75,245,377.0,1052.0,1
80,245,186.0,314.0,0
85,245,178.0,185.0,0
90,245,404.0,848.0,1
95,245,325.0,881.0,1
100,245,343.0,907.0,1
105,245,244.0,330.0,0
110,245,1010.0,1903.0,0
115,245,1302.0,2291.0,0
120,245,1633.0,2051.0,0
125,245,1505.0,1468.0,0
130,245,275.0,343.0,0
135,245,310.0,396.0,0
140,245,230.0,315.0,0
145,245,206.0,282.0,0
150,245,194.0,218.0,0
155,245,164.0,169.0,0
160,245,264.0,410.0,0
165,245,1006.0,3326.0,1
170,245,663.0,2175.0,1
175,245,341.0,745.0,1
180,245,288.0,567.0,1
185,245,493.0,1073.0,1
190,245,433.0,1338.0,1
195,245,328.0,922.0,1
200,245,383.0,1108.0,1
205,245,654.0,2085.0,1
210,245,390.0,1689.0,1
215,245,702.0,3249.0,1
220,245,665.0,2659.0,1
225,245,1071.0,4686.0,1
230,245,1321.0,4150.0,1
235,245,909.0,4282.0,1
240,245,1429.0,3065.0,1
245,245,921.0,2543.0,1
250,245,1361.0,2780.0,1
255,245,348.0,920.0,1
260,245,305.0,508.0,0
265,245,240.0,296.0,0
270,245,610.0,1346.0,1
275,245,506.0,1650.0,1
280,245,762.0,1251.0,0
285,245,314.0,507.0,0
290,245,323.0,688.0,1
295,245,452.0,1132.0,1
300,245,326.0,902.0,1
10,250,392.0,1089.0,1
15,250,193.0,226.0,0
20,250,681.0,2286.0,1
25,250,738.0,2694.0,1
30,250,221.0,387.0,0
35,250,877.0,2170.0,1
40,250,863.0,2800.0,1
45,250,849.0,2556.0,1
50,250,603.0,2118.0,1
55,250,398.0,1193.0,1
60,250,250.0,452.0,0
65,250,871.0,2570.0,1
70,250,1244.0,2747.0,1
75,250,822.0,2458.0,1
80,250,473.0,1479.0,1
85,250,1035.0,2785.0,1
90,250,519.0,1701.0,1
95,250,794.0,1939.0,1
100,250,730.0,1589.0,1
105,250,980.0,2474.0,1
110,250,1484.0,1998.0,0
115,250,1020.0,1203.0,0
120,250,1848.0,1778.0,0
125,250,2794.0,2892.0,0
130,250,1361.0,2505.0,0
135,250,744.0,1895.0,1
140,250,776.0,1552.0,1
145,250,314.0,508.0,0
150,250,462.0,1124.0,1
155,250,1240.0,2859.0,1
160,250,1310.0,3049.0,1
165,250,449.0,750.0,0
170,250,282.0,562.0,1
175,250,669.0,2256.0,1
180,250,249.0,515.0,1
185,250,370.0,894.0,1
190,250,307.0,993.0,1
195,250,575.0,1788.0,1
200,250,343.0,924.0,1
205,250,847.0,3348.0,1
210,250,841.0,812.0,0
215,250,851.0,3105.0,1
220,250,605.0,2318.0,1
225,250,796.0,3580.0,1
230,250,698.0,2794.0,1
235,250,528.0,1959.0,1
240,250,1022.0,4151.0,1
245,250,898.0,2015.0,1
250,250,1023.0,3435.0,1
255,250,850.0,2401.0,1
260,250,619.0,1450.0,1
265,250,302.0,679.0,1
270,250,581.0,1176.0,1
275,250,982.0,1748.0,0
280,250,554.0,1336.0,1
285,250,496.0,974.0,1
290,250,516.0,1191.0,1
295,250,388.0,991.0,1
300,250,398.0,1004.0,1
10,255,774.0,2448.0,1
15,255,695.0,2258.0,1
20,255,808.0,2311.0,1
25,255,877.0,2971.0,1
30,255,1018.0,2897.0,1
35,255,965.0,2633.0,1
40,255,652.0,1218.0,0
45,255,205.0,287.0,0
50,255,341.0,748.0,1
55,255,907.0,2264.0,1
60,255,1026.0,3129.0,1
65,255,1062.0,3177.0,1
70,255,1531.0,3132.0,1
75,255,1290.0,2409.0,0
80,255,225.0,369.0,0
85,255,1202.0,2961.0,1
90,255,1048.0,2244.0,1
95,255,1135.0,2489.0,1
100,255,442.0,890.0,1
105,255,834.0,1751.0,1
110,255,1184.0,2226.0,0
115,255,1426.0,1942.0,0
120,255,1469.0,2577.0,0
125,255,1126.0,2627.0,1
130,255,780.0,1976.0,1
135,255,1627.0,1981.0,0
140,255,844.0,2039.0,1
145,255,843.0,2344.0,1
150,255,674.0,2080.0,1
155,255,1209.0,2730.0,1
160,255,289.0,602.0,1
165,255,237.0,354.0,0
170,255,1028.0,2735.0,1
175,255,536.0,1358.0,1
180,255,307.0,532.0,0
185,255,656.0,2171.0,1
190,255,612.0,2250.0,1
195,255,500.0,2062.0,1
200,255,505.0,1978.0,1
205,255,898.0,4456.0,1
210,255,876.0,1215.0,0
215,255,1055.0,3066.0,1
220,255,774.0,3560.0,1
225,255,227.0,630.0,1
230,255,656.0,3052.0,1
235,255,675.0,3254.0,1
240,255,189.0,221.0,0
245,255,191.0,241.0,0
250,255,902.0,2584.0,1
255,255,864.0,2243.0,1
260,255,984.0,2600.0,1
265,255,534.0,1272.0,1
270,255,841.0,3238.0,1
275,255,952.0,1467.0,0
280,255,904.0,1703.0,0
285,255,1223.0,2167.0,0
290,255,809.0,1887.0,1
295,255,435.0,931.0,1
300,255,290.0,350.0,0
10,260,689.0,2484.0,1
15,260,812.0,3081.0,1
20,260,867.0,3673.0,1
25,260,784.0,3279.0,1
30,260,578.0,1510.0,1
35,260,319.0,613.0,1
40,260,461.0,1122.0,1
45,260,1029.0,2888.0,1
50,260,739.0,2109.0,1
55,260,923.0,3034.0,1
60,260,1085.0,3771.0,1
65,260,866.0,2399.0,1
70,260,890.0,3365.0,1
75,260,376.0,1174.0,1
80,260,775.0,2629.0,1
85,260,992.0,2905.0,1
90,260,1105.0,3717.0,1
95,260,1092.0,2728.0,1
100,260,935.0,2566.0,1
105,260,1021.0,2796.0,1
110,260,845.0,3021.0,1
115,260,1908.0,2923.0,0
120,260,1177.0,2407.0,1
125,260,788.0,2347.0,1
130,260,853.0,2586.0,1
135,260,509.0,1842.0,1
140,260,732.0,2226.0,1
145,260,624.0,1615.0,1
150,260,892.0,2659.0,1
155,260,1135.0,2138.0,0
160,260,294.0,599.0,1
165,260,309.0,482.0,0
170,260,292.0,519.0,0
175,260,388.0,681.0,0
180,260,441.0,1065.0,1
185,260,855.0,2932.0,1
190,260,342.0,871.0,1
195,260,557.0,1643.0,1
200,260,499.0,1795.0,1
205,260,317.0,1082.0,1
210,260,314.0,1138.0,1
215,260,453.0,1190.0,1
220,260,390.0,1479.0,1
225,260,369.0,931.0,1
230,260,303.0,770.0,1
235,260,189.0,303.0,0
240,260,168.0,299.0,0
245,260,168.0,216.0,0
250,260,189.0,284.0,0
255,260,180.0,386.0,1
260,260,162.0,210.0,0
265,260,168.0,194.0,0
270,260,290.0,640.0,1
275,260,906.0,1917.0,1
280,260,1096.0,2622.0,1
285,260,844.0,2231.0,1
290,260,802.0,1795.0,1
295,260,1035.0,1482.0,0
300,260,824.0,1223.0,0
10,265,729.0,2974.0,1
15,265,665.0,2661.0,1
20,265,422.0,1577.0,1
25,265,416.0,946.0,1
30,265,327.0,563.0,0
35,265,1235.0,3532.0,1
40,265,1333.0,2886.0,1
45,265,1154.0,3427.0,1
50,265,853.0,2207.0,1
55,265,682.0,2004.0,1
60,265,789.0,2575.0,1
65,265,703.0,2778.0,1
70,265,738.0,3178.0,1
75,265,799.0,2947.0,1
80,265,386.0,1307.0,1
85,265,754.0,2053.0,1
90,265,592.0,2018.0,1
95,265,739.0,2116.0,1
100,265,1684.0,3948.0,1
105,265,1230.0,4087.0,1
110,265,398.0,834.0,1
115,265,444.0,1329.0,1
120,265,663.0,2265.0,1
125,265,583.0,1969.0,1
130,265,812.0,2872.0,1
135,265,669.0,1857.0,1
140,265,387.0,1301.0,1
145,265,493.0,1545.0,1
150,265,592.0,1563.0,1
155,265,575.0,1945.0,1
160,265,335.0,781.0,1
165,265,356.0,630.0,0
170,265,603.0,1404.0,1
175,265,433.0,898.0,1
180,265,662.0,1574.0,1
185,265,623.0,1658.0,1
190,265,485.0,1474.0,1
195,265,697.0,2579.0,1
200,265,596.0,2510.0,1
205,265,737.0,3518.0,1
210,265,910.0,4234.0,1
215,265,1360.0,1745.0,0
220,265,674.0,2913.0,1
225,265,528.0,1803.0,1
230,265,190.0,355.0,0
235,265,359.0,1058.0,1
240,265,200.0,427.0,1
245,265,249.0,677.0,1
250,265,221.0,461.0,1
255,265,1162.0,3018.0,1
260,265,1050.0,2993.0,1
265,265,762.0,2012.0,1
270,265,566.0,1763.0,1
275,265,833.0,2274.0,1
280,265,446.0,1046.0,1
285,265,725.0,2279.0,1
290,265,608.0,1756.0,1
295,265,1059.0,1926.0,0
300,265,874.0,1505.0,0
10,270,714.0,3167.0,1
15,270,696.0,2580.0,1
20,270,636.0,2080.0,1
25,270,568.0,1525.0,1
30,270,638.0,1499.0,1
35,270,1081.0,4002.0,1
40,270,827.0,2962.0,1
45,270,456.0,1399.0,1
50,270,873.0,2508.0,1
55,270,1079.0,3606.0,1
60,270,924.0,3449.0,1
65,270,643.0,2463.0,1
70,270,304.0,959.0,1
75,270,618.0,2851.0,1
80,270,821.0,1854.0,1
85,270,530.0,2287.0,1
90,270,621.0,2371.0,1
95,270,739.0,2704.0,1
100,270,364.0,906.0,1
105,270,582.0,1437.0,1
110,270,951.0,2698.0,1
115,270,973.0,2459.0,1
120,270,673.0,2115.0,1
125,270,517.0,1914.0,1
130,270,857.0,1824.0,1
135,270,512.0,1696.0,1
140,270,649.0,2313.0,1
145,270,621.0,1569.0,1
150,270,488.0,1365.0,1
155,270,682.0,2451.0,1
160,270,442.0,1252.0,1
165,270,803.0,2170.0,1
170,270,1108.0,3087.0,1
175,270,640.0,1532.0,1
180,270,544.0,1395.0,1
185,270,484.0,1345.0,1
190,270,1162.0,3511.0,1
195,270,1443.0,3876.0,1
200,270,1158.0,3996.0,1
205,270,632.0,2829.0,1
210,270,770.0,3081.0,1
215,270,312.0,348.0,0
220,270,457.0,1880.0,1
225,270,508.0,2464.0,1
230,270,482.0,1612.0,1
235,270,496.0,1427.0,1
240,270,788.0,2187.0,1
245,270,704.0,1828.0,1
250,270,1102.0,3108.0,1
255,270,902.0,3590.0,1
260,270,889.0,3183.0,1
265,270,1128.0,3273.0,1
270,270,898.0,3081.0,1
275,270,518.0,1794.0,1
280,270,840.0,3251.0,1
285,270,1140.0,2916.0,1
290,270,384.0,1264.0,1
295,270,684.0,1326.0,1
300,270,763.0,1269.0,0
10,275,234.0,609.0,1
15,275,360.0,1091.0,1
20,275,256.0,471.0,0
25,275,309.0,555.0,0
30,275,994.0,3462.0,1
35,275,1112.0,3913.0,1
40,275,764.0,3014.0,1
45,275,750.0,3325.0,1
50,275,719.0,2790.0,1
55,275,630.0,2289.0,1
60,275,529.0,1582.0,1
65,275,524.0,1441.0,1
70,275,469.0,1726.0,1
75,275,645.0,2945.0,1
80,275,778.0,4064.0,1
85,275,810.0,3470.0,1
90,275,712.0,2675.0,1
95,275,786.0,3057.0,1
100,275,653.0,2591.0,1
105,275,710.0,2621.0,1
110,275,841.0,2900.0,1
115,275,739.0,1886.0,1
120,275,847.0,2865.0,1
125,275,946.0,2992.0,1
130,275,759.0,2619.0,1
135,275,478.0,1530.0,1
140,275,1002.0,3190.0,1
145,275,616.0,2035.0,1
150,275,481.0,1643.0,1
155,275,668.0,2113.0,1
160,275,617.0,2150.0,1
165,275,674.0,2441.0,1
170,275,873.0,2528.0,1
175,275,1223.0,3194.0,1
180,275,880.0,2549.0,1
185,275,804.0,2329.0,1
190,275,664.0,2421.0,1
195,275,753.0,2680.0,1
200,275,926.0,4631.0,1
205,275,471.0,1891.0,1
210,275,647.0,3341.0,1
215,275,533.0,1872.0,1
220,275,472.0,1478.0,1
225,275,440.0,1207.0,1
230,275,1037.0,3428.0,1
235,275,735.0,2957.0,1
240,275,864.0,3152.0,1
245,275,1169.0,3599.0,1
250,275,771.0,3177.0,1
255,275,831.0,3357.0,1
260,275,178.0,317.0,0
265,275,190.0,298.0,0
270,275,184.0,366.0,1
275,275,167.0,267.0,0
280,275,152.0,214.0,0
285,275,550.0,1683.0,1
290,275,747.0,2005.0,1
295,275,1024.0,2005.0,1
300,275,1057.0,1925.0,0
10,280,765.0,2409.0,1
15,280,440.0,1401.0,1
20,280,907.0,3980.0,1
25,280,782.0,3701.0,1
30,280,764.0,2252.0,1
35,280,1106.0,3532.0,1
40,280,782.0,3341.0,1
45,280,684.0,2456.0,1
50,280,737.0,2968.0,1
55,280,663.0,2783.0,1
60,280,584.0,2054.0,1
65,280,497.0,1998.0,1
70,280,1260.0,2666.0,1
75,280,413.0,2168.0,1
80,280,535.0,2332.0,1
85,280,253.0,814.0,1
90,280,410.0,1380.0,1
95,280,576.0,2149.0,1
100,280,703.0,2840.0,1
105,280,709.0,2627.0,1
110,280,528.0,1633.0,1
115,280,739.0,2136.0,1
120,280,974.0,2625.0,1
125,280,600.0,2202.0,1
130,280,868.0,1197.0,0
135,280,543.0,1932.0,1
140,280,605.0,1307.0,1
145,280,629.0,1861.0,1
150,280,584.0,1655.0,1
155,280,528.0,1826.0,1
160,280,769.0,2647.0,1
165,280,954.0,2641.0,1
170,280,889.0,2512.0,1
175,280,778.0,2919.0,1
180,280,812.0,3128.0,1
185,280,748.0,2553.0,1
190,280,418.0,1081.0,1
195,280,535.0,1948.0,1
200,280,691.0,3094.0,1
205,280,789.0,3527.0,1
210,280,634.0,2635.0,1
215,280,304.0,767.0,1
220,280,724.0,2767.0,1
225,280,1028.0,3625.0,1
230,280,208.0,369.0,0
235,280,653.0,2894.0,1
240,280,424.0,1676.0,1
245,280,793.0,2851.0,1
250,280,890.0,3358.0,1
255,280,337.0,980.0,1
260,280,283.0,523.0,0
265,280,196.0,389.0,1
270,280,412.0,1144.0,1
275,280,465.0,1419.0,1
280,280,198.0,268.0,0
285,280,164.0,175.0,0
290,280,361.0,750.0,1
295,280,687.0,1086.0,0
300,280,1542.0,2087.0,0
10,285,384.0,1362.0,1
15,285,840.0,3890.0,1
20,285,802.0,3853.0,1
25,285,725.0,2949.0,1
30,285,801.0,3157.0,1
35,285,440.0,1460.0,1
40,285,759.0,3016.0,1
45,285,1112.0,3742.0,1
50,285,777.0,3789.0,1
55,285,755.0,3317.0,1
60,285,427.0,1326.0,1
65,285,476.0,1538.0,1
70,285,568.0,2411.0,1
75,285,683.0,2807.0,1
80,285,570.0,2436.0,1
85,285,459.0,1957.0,1
90,285,596.0,1991.0,1
95,285,455.0,1469.0,1
100,285,361.0,883.0,1
105,285,335.0,942.0,1
110,285,426.0,1389.0,1
115,285,625.0,2092.0,1
120,285,792.0,2848.0,1
125,285,640.0,2321.0,1
130,285,295.0,920.0,1
135,285,667.0,2631.0,1
140,285,689.0,2460.0,1
145,285,725.0,2325.0,1
150,285,578.0,1980.0,1
155,285,803.0,2662.0,1
160,285,818.0,3033.0,1
165,285,865.0,2792.0,1
170,285,910.0,3194.0,1
175,285,1338.0,3552.0,1
180,285,650.0,2312.0,1
185,285,841.0,3081.0,1
190,285,1680.0,3374.0,1
195,285,863.0,3312.0,1
200,285,969.0,4268.0,1
205,285,729.0,3561.0,1
210,285,759.0,3670.0,1
215,285,426.0,1868.0,1
220,285,194.0,456.0,1
225,285,237.0,591.0,1
230,285,190.0,305.0,0
235,285,178.0,305.0,0
240,285,196.0,410.0,1
245,285,721.0,2860.0,1
250,285,407.0,1262.0,1
255,285,689.0,2240.0,1
260,285,800.0,2492.0,1
265,285,869.0,2539.0,1
270,285,500.0,1511.0,1
275,285,347.0,1028.0,1
280,285,624.0,1635.0,1
285,285,979.0,2517.0,1
290,285,252.0,265.0,0
295,285,296.0,313.0,0
300,285,2648.0,2983.0,0
