Patch,NDVI_2023,NDVI_2024,Change,Class_2023,Class_2024
"(0:10,0:10)",0.3040778558793144,0.32469514290943324,0.020617287030118836,land,vegetation
"(0:10,10:20)",0.3058566707693097,0.2817485360406647,-0.024108134728645036,land,land
"(0:10,20:30)",0.31298393272891567,0.2846652857882254,-0.02831864694069025,vegetation,land
"(0:10,30:40)",0.20999534748274262,0.20937800762477643,-0.0006173398579661926,land,land
"(0:10,40:50)",0.03372330720394782,0.14071261571725094,0.10698930851330313,land,land
"(0:10,50:60)",0.01284601612570888,0.06627191550631056,0.05342589938060168,land,land
"(0:10,60:70)",0.06894521266249688,0.10742743239605254,0.03848221973355566,land,land
"(0:10,70:80)",0.3577954774878609,0.34205423430646514,-0.015741243181395748,vegetation,vegetation
"(0:10,80:90)",0.37830318601341234,0.3290485465834178,-0.04925463942999453,vegetation,vegetation
"(0:10,90:100)",0.34204394759732715,0.3301374899935003,-0.011906457603826859,vegetation,vegetation
"(0:10,100:110)",0.4002405427719558,0.36419146128972185,-0.03604908148223396,vegetation,vegetation
"(0:10,110:120)",0.3274198361367214,0.25065110156561277,-0.07676873457110861,vegetation,land
"(0:10,120:130)",0.4212593347349177,0.3560389515071099,-0.06522038322780782,vegetation,vegetation
"(0:10,130:140)",0.4074407520916854,0.3322407630625605,-0.07519998902912489,vegetation,vegetation
"(0:10,140:150)",0.2053530472213431,0.1188807640964556,-0.0864722831248875,land,land
"(0:10,150:160)",0.15161461494199333,0.0912070870671085,-0.06040752787488482,land,land
"(0:10,160:170)",0.06846207830927496,0.04794793143836559,-0.02051414687090937,land,land
"(0:10,170:180)",-0.026497016129120338,-0.007185206349277026,0.01931180977984331,land,land
"(0:10,180:190)",-0.03424600544683221,-0.0022183378495147016,0.03202766759731751,land,land
"(0:10,190:200)",0.00020061248234934216,0.039382631431684,0.03918201894933466,land,land
"(0:10,200:210)",0.027052388651108553,0.06390416872225052,0.03685178007114197,land,land
"(0:10,210:220)",0.002540672890511325,0.038871307211324174,0.03633063432081285,land,land
"(0:10,220:230)",0.1297652928517886,0.14728026805933556,0.017514975207546968,land,land
"(0:10,230:240)",0.26031514381065124,0.2712157036920694,0.010900559881418137,land,land
"(0:10,240:250)",0.25033848556968197,0.20822010740389685,-0.04211837816578512,land,land
"(0:10,250:260)",0.1918104633062349,0.16643883764462963,-0.02537162566160528,land,land
"(0:10,260:270)",0.3301346242674969,0.30944942028427813,-0.02068520398321877,vegetation,vegetation
"(0:10,270:280)",0.4730642036432699,0.46124706549228345,-0.01181713815098645,vegetation,vegetation
"(0:10,280:290)",0.35217526853127423,0.3212589704213542,-0.030916298109920026,vegetation,vegetation
"(0:10,290:300)",0.238405128273681,0.21643166433993405,-0.02197346393374694,land,land
"(0:10,300:310)",0.0638083016646181,0.09407388975132232,0.030265588086704223,land,land
"(10:20,0:10)",0.0373823748033006,0.10581036615501917,0.06842799135171856,land,land
"(10:20,10:20)",0.2650085638379094,0.2524138267639178,-0.012594737073991558,land,land
"(10:20,20:30)",0.3133738541060053,0.2902421808122683,-0.023131673293737,vegetation,vegetation
"(10:20,30:40)",0.21306291707530786,0.1538765289091297,-0.05918638816617816,land,land
"(10:20,40:50)",0.0643875307020033,0.13772989164333566,0.07334236094133235,land,land
"(10:20,50:60)",0.014685411537524553,0.08083550371009025,0.0661500921725657,land,land
"(10:20,60:70)",0.013353283436764708,0.09052329541331808,0.07717001197655338,land,land
"(10:20,70:80)",0.35122611466795256,0.3824594692451486,0.03123335457719606,vegetation,vegetation
"(10:20,80:90)",0.32945381334388935,0.2567888069980936,-0.07266500634579576,vegetation,land
"(10:20,90:100)",0.33833482782321644,0.3046363344466132,-0.033698493376603245,vegetation,vegetation
"(10:20,100:110)",0.4548111517367978,0.40200742818227836,-0.052803723554519455,vegetation,vegetation
"(10:20,110:120)",0.28364509038977015,0.17950936671095863,-0.10413572367881152,land,land
"(10:20,120:130)",0.38738114562637543,0.26405803993017646,-0.12332310569619898,vegetation,land
"(10:20,130:140)",0.349567826526819,0.2417860608359614,-0.1077817656908576,vegetation,land
"(10:20,140:150)",0.2591835777083961,0.16790314996626798,-0.09128042774212813,land,land
"(10:20,150:160)",0.06916814196801792,0.009731428384339356,-0.059436713583678566,land,land
"(10:20,160:170)",-0.02668294424496405,-0.031092216830912265,-0.004409272585948216,land,land
"(10:20,170:180)",-0.05224965600779343,-0.034380238043527786,0.017869417964265645,land,land
"(10:20,180:190)",-0.001605739437382651,0.030466901379605487,0.032072640816988136,land,land
"(10:20,190:200)",0.14015568201338477,0.15960824333902096,0.019452561325636192,land,land
"(10:20,200:210)",0.04541762014116832,0.11175473485066822,0.0663371147094999,land,land
"(10:20,210:220)",-0.022648260601315136,0.00486791856135482,0.027516179162669956,land,land
"(10:20,220:230)",-0.03245086412070761,-0.026145595852467833,0.00630526826823978,land,land
"(10:20,230:240)",0.15386768072645557,0.208772406371505,0.05490472564504942,land,land
"(10:20,240:250)",0.07199830041347105,0.11379603056640791,0.04179773015293686,land,land
"(10:20,250:260)",0.17276532263759034,0.19180510527720818,0.019039782639617836,land,land
"(10:20,260:270)",0.3388455862666164,0.3308186564864296,-0.00802692978018682,vegetation,vegetation
"(10:20,270:280)",0.4516553210015681,0.4295434392261947,-0.022111881775373377,vegetation,vegetation
"(10:20,280:290)",0.41805989830883006,0.39789616731416466,-0.020163730994665396,vegetation,vegetation
"(10:20,290:300)",0.29839001041401414,0.2785295959655352,-0.019860414448478914,land,land
"(10:20,300:310)",0.2098951843256205,0.1970067185835277,-0.012888465742092792,land,land
"(20:30,0:10)",0.19463976805104782,0.2302088075311049,0.035569039480057074,land,land
"(20:30,10:20)",0.19105763232283957,0.20115392502216747,0.010096292699327908,land,land
"(20:30,20:30)",0.22513101701429658,0.19463416434326333,-0.030496852671033248,land,land
"(20:30,30:40)",0.34734441940194677,0.3217146024237168,-0.02562981697822997,vegetation,vegetation
"(20:30,40:50)",0.16198250470853912,0.12368735384046137,-0.03829515086807775,land,land
"(20:30,50:60)",0.2056974348542975,0.20445918465512097,-0.0012382501991765327,land,land
"(20:30,60:70)",0.0977968559198934,0.13889902462922804,0.04110216870933464,land,land
"(20:30,70:80)",0.3042659614479131,0.3295234381732538,0.025257476725340677,land,vegetation
"(20:30,80:90)",0.3942321808650407,0.3715603929062695,-0.022671787958771172,vegetation,vegetation
"(20:30,90:100)",0.3870909696219104,0.3706939476264569,-0.01639702199545351,vegetation,vegetation
"(20:30,100:110)",0.40426510204256644,0.3617731751606247,-0.042491926881941755,vegetation,vegetation
"(20:30,110:120)",0.39615982947802103,0.2749892544164167,-0.12117057506160434,vegetation,land
"(20:30,120:130)",0.28259261109873085,0.13234786099044699,-0.15024475010828386,land,land
"(20:30,130:140)",0.22404768145931975,0.17436636017538415,-0.0496813212839356,land,land
"(20:30,140:150)",0.12403521660606195,0.08711088346070263,-0.036924333145359325,land,land
"(20:30,150:160)",0.14246813990261148,0.10952399215998593,-0.03294414774262555,land,land
"(20:30,160:170)",0.020125094289216716,0.029543287603858426,0.00941819331464171,land,land
"(20:30,170:180)",0.09063788184427414,0.1025503668212818,0.011912484977007656,land,land
"(20:30,180:190)",0.2083160413507265,0.2044513200347681,-0.0038647213159584137,land,land
"(20:30,190:200)",0.27543268369992685,0.26575344868681516,-0.009679235013111687,land,land
"(20:30,200:210)",0.00661960215571045,0.040066987651191655,0.03344738549548121,land,land
"(20:30,210:220)",-0.003923200111014419,0.03666778414335828,0.0405909842543727,land,land
"(20:30,220:230)",0.017298071784065908,0.04551543451374952,0.028217362729683615,land,land
"(20:30,230:240)",0.03088958224127083,0.08288342197852451,0.05199383973725368,land,land
"(20:30,240:250)",0.011969995548189333,0.0342422322586286,0.02227223671043927,land,land
"(20:30,250:260)",0.2120157882552648,0.20247204656186965,-0.009543741693395141,land,land
"(20:30,260:270)",0.40637536759695,0.40778813265285785,0.001412765055907872,vegetation,vegetation
"(20:30,270:280)",0.455640815285848,0.4501790543705935,-0.0054617609152544655,vegetation,vegetation
"(20:30,280:290)",0.4273418487875444,0.4172827496441102,-0.01005909914343417,vegetation,vegetation
"(20:30,290:300)",0.3401574150734206,0.326751460302663,-0.013405954770757622,vegetation,vegetation
"(20:30,300:310)",0.2390621141706049,0.22613178230410386,-0.012930331866501055,land,land
"(30:40,0:10)",0.41728965755056163,0.3995110579351116,-0.01777859961545003,vegetation,vegetation
"(30:40,10:20)",0.38729467667443196,0.36870900216054414,-0.018585674513887818,vegetation,vegetation
"(30:40,20:30)",0.4360219898431229,0.4128193870904148,-0.02320260275270808,vegetation,vegetation
"(30:40,30:40)",0.32034997348302874,0.29847119327221455,-0.021878780210814186,vegetation,vegetation
"(30:40,40:50)",0.32609780489948564,0.2932474408541502,-0.03285036404533542,vegetation,vegetation
"(30:40,50:60)",0.3363527819334975,0.3132248998847303,-0.0231278820487672,vegetation,vegetation
"(30:40,60:70)",0.16200228844001213,0.19727208814231192,0.03526979970229979,land,land
"(30:40,70:80)",0.3586505919548933,0.33599552777058067,-0.022655064184312623,vegetation,vegetation
"(30:40,80:90)",0.41021925213921034,0.37760519577509527,-0.032614056364115074,vegetation,vegetation
"(30:40,90:100)",0.38939508854508653,0.36396982093115005,-0.025425267613936486,vegetation,vegetation
"(30:40,100:110)",0.32091618667661115,0.2504551110145966,-0.07046107566201454,vegetation,land
"(30:40,110:120)",0.3560778243854636,0.31172975428941696,-0.04434807009604663,vegetation,vegetation
"(30:40,120:130)",0.36290211992820076,0.3416527855800795,-0.021249334348121263,vegetation,vegetation
"(30:40,130:140)",0.4004533087489894,0.3856167388141948,-0.014836569934794597,vegetation,vegetation
"(30:40,140:150)",0.34920214119270065,0.32896714606152655,-0.020234995131174105,vegetation,vegetation
"(30:40,150:160)",0.3110538566343599,0.27440225356314246,-0.03665160307121745,land,land
"(30:40,160:170)",0.2409783044310441,0.22108402836108776,-0.019894276069956335,land,land
"(30:40,170:180)",0.3176364605261497,0.29604997297588254,-0.021586487550267153,vegetation,vegetation
"(30:40,180:190)",0.37450075336456906,0.3382050484350818,-0.03629570492948725,vegetation,vegetation
"(30:40,190:200)",0.2108266885128813,0.1894086389907999,-0.0214180495220814,land,land
"(30:40,200:210)",0.008978435613739656,0.05889744150148151,0.049919005887741855,land,land
"(30:40,210:220)",0.16390357302414618,0.23307698088802373,0.06917340786387755,land,land
"(30:40,220:230)",0.28956155148676854,0.2848000147094044,-0.004761536777364128,land,land
"(30:40,230:240)",0.08583642027602334,0.16546875631151994,0.0796323360354966,land,land
"(30:40,240:250)",0.015681565091440423,0.06218431156757798,0.04650274647613756,land,land
"(30:40,250:260)",0.08894734824494298,0.10011608368200203,0.011168735437059055,land,land
"(30:40,260:270)",0.3834230643225329,0.3679502855432711,-0.015472778779261842,vegetation,vegetation
"(30:40,270:280)",0.43751508797137,0.4340456834053485,-0.0034694045660215167,vegetation,vegetation
"(30:40,280:290)",0.4150654641089158,0.4028804702977866,-0.012184993811129197,vegetation,vegetation
"(30:40,290:300)",0.40768560124866665,0.3969829405546988,-0.010702660693967858,vegetation,vegetation
"(30:40,300:310)",0.36814592409063807,0.3496889032724109,-0.018457020818227143,vegetation,vegetation
"(40:50,0:10)",0.48420944803382787,0.48534290081920667,0.0011334527853787968,vegetation,vegetation
"(40:50,10:20)",0.4317071462593921,0.42127388874615107,-0.010433257513241034,vegetation,vegetation
"(40:50,20:30)",0.35191507226047136,0.30055572596615693,-0.051359346294314434,vegetation,vegetation
"(40:50,30:40)",0.19332585771834082,0.14731088240600398,-0.04601497531233684,land,land
"(40:50,40:50)",0.28260017496966666,0.2580440042340545,-0.02455617073561217,land,land
"(40:50,50:60)",0.4089756466950371,0.38513472925115194,-0.023840917443885168,vegetation,vegetation
"(40:50,60:70)",0.367972286778306,0.34452036416247234,-0.023451922615833676,vegetation,vegetation
"(40:50,70:80)",0.45514622147488426,0.4289095498123292,-0.026236671662555056,vegetation,vegetation
"(40:50,80:90)",0.47465035115459286,0.4581650874408139,-0.016485263713778953,vegetation,vegetation
"(40:50,90:100)",0.4076950279518358,0.37101847687816736,-0.03667655107366846,vegetation,vegetation
"(40:50,100:110)",0.19029134953273275,0.14424628187569105,-0.046045067657041694,land,land
"(40:50,110:120)",0.12701316456929868,0.08503493629549708,-0.0419782282738016,land,land
"(40:50,120:130)",0.2939255186125893,0.18681514140787336,-0.10711037720471595,land,land
"(40:50,130:140)",0.37287084394766334,0.2881430807802872,-0.08472776316737612,vegetation,vegetation
"(40:50,140:150)",0.3337390516838758,0.2758733908949532,-0.05786566078892258,vegetation,land
"(40:50,150:160)",0.34256623714517587,0.30342966398891275,-0.03913657315626312,vegetation,vegetation
"(40:50,160:170)",0.2684662435338057,0.22060965487787673,-0.04785658865592898,land,land
"(40:50,170:180)",0.13417829219197072,0.09919225299139552,-0.034986039200575206,land,land
"(40:50,180:190)",0.07182914630533914,0.031114325471915824,-0.040714820833423315,land,land
"(40:50,190:200)",0.07149816605825787,0.060330580221721844,-0.011167585836536029,land,land
"(40:50,200:210)",0.026205029364827045,0.052890086098882606,0.02668505673405556,land,land
"(40:50,210:220)",0.05499596546542021,0.1498451101451975,0.09484914467977729,land,land
"(40:50,220:230)",0.4387263149463873,0.4337364915111226,-0.0049898234352647175,vegetation,vegetation
"(40:50,230:240)",0.3003033750443958,0.2975270155306868,-0.002776359513709026,land,vegetation
"(40:50,240:250)",0.004775480724224967,0.03960349801632101,0.034828017292096045,land,land
"(40:50,250:260)",0.040663647716976614,0.06947578187080614,0.02881213415382952,land,land
"(40:50,260:270)",0.30271215986090705,0.28883341901507864,-0.013878740845828408,land,vegetation
"(40:50,270:280)",0.4518581158001772,0.44226238386331496,-0.00959573193686225,vegetation,vegetation
"(40:50,280:290)",0.4804361151265028,0.46016933111510916,-0.020266784011393646,vegetation,vegetation
"(40:50,290:300)",0.3992362844798664,0.38555502739907865,-0.013681257080787768,vegetation,vegetation
"(40:50,300:310)",0.316977748629805,0.3144285057970239,-0.0025492428327810734,vegetation,vegetation
"(50:60,0:10)",0.17604153933529143,0.1198764591930279,-0.056165080142263527,land,land
"(50:60,10:20)",0.26961802021917025,0.1732349038346346,-0.09638311638453564,land,land
"(50:60,20:30)",0.19200749086532093,0.08585691726104568,-0.10615057360427525,land,land
"(50:60,30:40)",0.19130109754181357,0.11501257231270264,-0.07628852522911093,land,land
"(50:60,40:50)",0.28522025225174885,0.23194573797126578,-0.053274514280483076,land,land
"(50:60,50:60)",0.2191624736282425,0.18883512238220526,-0.03032735124603725,land,land
"(50:60,60:70)",0.355375945534562,0.2993623949274731,-0.0560135506070889,vegetation,vegetation
"(50:60,70:80)",0.41986589895457194,0.3993179876751075,-0.020547911279464426,vegetation,vegetation
"(50:60,80:90)",0.4419776128668088,0.4211075424193727,-0.020870070447436107,vegetation,vegetation
"(50:60,90:100)",0.29416493822311035,0.26942846407536664,-0.024736474147743714,land,land
"(50:60,100:110)",0.27723620957545697,0.18482761933042582,-0.09240859024503115,land,land
"(50:60,110:120)",0.3729422771900083,0.26627743348387367,-0.1066648437061346,vegetation,land
"(50:60,120:130)",0.2463915402887522,0.19955439167964792,-0.04683714860910429,land,land
"(50:60,130:140)",0.056157577951198634,0.04809459004088592,-0.008062987910312715,land,land
"(50:60,140:150)",0.18087675721264473,0.17394240971496697,-0.0069343474976777675,land,land
"(50:60,150:160)",0.2626261561456986,0.22928607865813205,-0.033340077487566566,land,land
"(50:60,160:170)",0.039794531449862496,0.10832499271781054,0.06853046126794804,land,land
"(50:60,170:180)",0.07490267369823943,0.12343564535198052,0.0485329716537411,land,land
"(50:60,180:190)",0.2750383500677035,0.27013351422318704,-0.004904835844516453,land,land
"(50:60,190:200)",0.3425661909580593,0.30522362525688657,-0.037342565701172725,vegetation,vegetation
"(50:60,200:210)",0.10417652858492983,0.10867257140985405,0.004496042824924218,land,land
"(50:60,210:220)",0.2381823905122974,0.2475280958642616,0.009345705351964217,land,land
"(50:60,220:230)",0.3496092129594117,0.31391215938264055,-0.035697053576771165,vegetation,vegetation
"(50:60,230:240)",0.1680010708640582,0.1920859042361286,0.024084833372070402,land,land
"(50:60,240:250)",0.022988421461549315,0.09226392162943671,0.06927550016788739,land,land
"(50:60,250:260)",-0.011451421286773423,0.01601788536046084,0.027469306647234265,land,land
"(50:60,260:270)",0.10386020643960862,0.09887324662441763,-0.004986959815190997,land,land
"(50:60,270:280)",0.33020699465181297,0.30920952778801386,-0.020997466863799108,vegetation,vegetation
"(50:60,280:290)",0.39745326706818723,0.38957098706178284,-0.007882280006404396,vegetation,vegetation
"(50:60,290:300)",0.40560402613190527,0.37979515357989674,-0.025808872552008533,vegetation,vegetation
"(50:60,300:310)",0.5032624250813365,0.4904366207646804,-0.012825804316656031,vegetation,vegetation
"(60:70,0:10)",0.22485153341308264,0.12362910143825818,-0.10122243197482446,land,land
"(60:70,10:20)",0.03962345588428309,0.03482678649767635,-0.004796669386606743,land,land
"(60:70,20:30)",-0.020161954246490782,-0.014693217336246917,0.005468736910243865,land,land
"(60:70,30:40)",0.008049764510093576,-0.009639901403490796,-0.01768966591358437,land,land
"(60:70,40:50)",0.22040555581905205,0.16563740165590482,-0.05476815416314723,land,land
"(60:70,50:60)",0.2800346426483764,0.23447594071613584,-0.04555870193224057,land,land
"(60:70,60:70)",0.29420236446458015,0.2570862416595345,-0.03711612280504567,land,land
"(60:70,70:80)",0.21065494641671784,0.18402935969504386,-0.026625586721673977,land,land
"(60:70,80:90)",0.39831003799887355,0.3846291347049787,-0.01368090329389482,vegetation,vegetation
"(60:70,90:100)",0.41711494744165806,0.3946093835700616,-0.022505563871596468,vegetation,vegetation
"(60:70,100:110)",0.34563667423270966,0.30737363159311676,-0.038263042639592904,vegetation,vegetation
"(60:70,110:120)",0.3223971041278089,0.21463022193877176,-0.10776688218903716,vegetation,land
"(60:70,120:130)",0.32515187013656727,0.25472523348822057,-0.0704266366483467,vegetation,land
"(60:70,130:140)",0.06888752419077698,0.07025203457695266,0.001364510386175674,land,land
"(60:70,140:150)",-0.006514536895479403,0.009693809906618086,0.016208346802097488,land,land
"(60:70,150:160)",0.008554853967680975,0.06991734222103524,0.06136248825335426,land,land
"(60:70,160:170)",0.055875924932318924,0.11443234195854167,0.058556417026222746,land,land
"(60:70,170:180)",0.29206021942631755,0.30141318834816483,0.009352968921847282,land,vegetation
"(60:70,180:190)",0.39727938784335415,0.3770640778285633,-0.02021531001479082,vegetation,vegetation
"(60:70,190:200)",0.4063144200021107,0.3918034592178988,-0.014510960784211935,vegetation,vegetation
"(60:70,200:210)",0.3891777416376162,0.3921719558693102,0.0029942142316939924,vegetation,vegetation
"(60:70,210:220)",0.4549186392668228,0.44688790559596137,-0.008030733670861434,vegetation,vegetation
"(60:70,220:230)",0.35384253143745836,0.3202008984617653,-0.03364163297569306,vegetation,vegetation
"(60:70,230:240)",0.05063126254503972,0.07453815393120652,0.023906891386166806,land,land
"(60:70,240:250)",-0.010453813778985998,0.011772798493807874,0.02222661227279387,land,land
"(60:70,250:260)",-0.019017869913280777,0.00816818789828018,0.027186057811560957,land,land
"(60:70,260:270)",0.06860075550379151,0.07799393649172558,0.009393180987934069,land,land
"(60:70,270:280)",0.1950486536586631,0.16203281219850418,-0.03301584146015893,land,land
"(60:70,280:290)",0.2691758870111831,0.2524378077953262,-0.016738079215856905,land,land
"(60:70,290:300)",0.37019231184864987,0.36514757007091736,-0.005044741777732509,vegetation,vegetation
"(60:70,300:310)",0.4645675630530757,0.45318850635304697,-0.011379056700028756,vegetation,vegetation
"(70:80,0:10)",0.2455723300058431,0.2641236230754417,0.018551293069598573,land,land
"(70:80,10:20)",0.006559634206556627,0.12692004523303305,0.12036041102647642,land,land
"(70:80,20:30)",-0.04485429513757712,-0.0345697509227706,0.01028454421480652,land,land
"(70:80,30:40)",-0.039163072667846535,-0.04288532993951355,-0.003722257271667015,land,land
"(70:80,40:50)",-0.009574275230957462,-0.005336832274806401,0.00423744295615106,land,land
"(70:80,50:60)",0.27643964840122587,0.23327603151620516,-0.04316361688502071,land,land
"(70:80,60:70)",0.3545537321742336,0.2932594844739368,-0.06129424770029679,vegetation,vegetation
"(70:80,70:80)",0.22932867739328344,0.15094902798683885,-0.0783796494064446,land,land
"(70:80,80:90)",0.2830814760096033,0.2509142593158559,-0.03216721669374739,land,land
"(70:80,90:100)",0.32245091506554496,0.2949268481450664,-0.02752406692047854,vegetation,vegetation
"(70:80,100:110)",0.3427318638610014,0.29422919674276143,-0.04850266711823997,vegetation,vegetation
"(70:80,110:120)",0.2906505608802842,0.21002769568255458,-0.0806228651977296,land,land
"(70:80,120:130)",0.20112451847401236,0.14523546206375898,-0.05588905641025338,land,land
"(70:80,130:140)",0.1114239870171121,0.09157112179856007,-0.019852865218552035,land,land
"(70:80,140:150)",0.13475492438531997,0.14993559783135374,0.015180673446033771,land,land
"(70:80,150:160)",0.08544514852246314,0.11034164338402074,0.024896494861557594,land,land
"(70:80,160:170)",0.09356374020266107,0.09350080811152499,-6.293209113608644e-05,land,land
"(70:80,170:180)",0.0006349650370349739,0.032602810400518066,0.03196784536348309,land,land
"(70:80,180:190)",0.28958826995285275,0.2782206926344295,-0.01136757731842325,land,land
"(70:80,190:200)",0.4230961342230112,0.40356150834235455,-0.01953462588065663,vegetation,vegetation
"(70:80,200:210)",0.4403857539257811,0.4287494508141501,-0.011636303111630997,vegetation,vegetation
"(70:80,210:220)",0.45148263112280196,0.4416851696910859,-0.009797461431716059,vegetation,vegetation
"(70:80,220:230)",0.41973122940145885,0.38560109959530936,-0.03413012980614949,vegetation,vegetation
"(70:80,230:240)",0.1410061149871131,0.16989337368149138,0.028887258694378276,land,land
"(70:80,240:250)",0.05870644899500717,0.0787104211701583,0.02000397217515114,land,land
"(70:80,250:260)",0.012519276710542974,0.06492237371698965,0.05240309700644668,land,land
"(70:80,260:270)",0.13143665628190912,0.1778731823061357,0.04643652602422657,land,land
"(70:80,270:280)",0.06378829162396528,0.06446707831636996,0.0006787866924046759,land,land
"(70:80,280:290)",0.1478720536893723,0.13668023695399467,-0.011191816735377641,land,land
"(70:80,290:300)",0.2873592611948133,0.28141639810265245,-0.005942863092160855,land,land
"(70:80,300:310)",0.4440615051276594,0.4360457908278702,-0.0080157142997892,vegetation,vegetation
"(80:90,0:10)",0.03735246856148693,0.16850033681043824,0.1311478682489513,land,land
"(80:90,10:20)",0.02105566176317432,0.13244851043599057,0.11139284867281625,land,land
"(80:90,20:30)",-0.04349926069857452,-0.02111348264422008,0.022385778054354443,land,land
"(80:90,30:40)",-0.06198213545974757,-0.037186004266993915,0.024796131192753652,land,land
"(80:90,40:50)",-0.015385177335643898,0.016554560015647573,0.03193973735129147,land,land
"(80:90,50:60)",0.21700377423672748,0.1912804031916502,-0.02572337104507727,land,land
"(80:90,60:70)",0.1974741227792817,0.14139698621476454,-0.056077136564517155,land,land
"(80:90,70:80)",0.411759868511673,0.3865013686822189,-0.025258499829454106,vegetation,vegetation
"(80:90,80:90)",0.41654687496939774,0.3931720269531462,-0.02337484801625156,vegetation,vegetation
"(80:90,90:100)",0.3401838975314704,0.315313240618774,-0.024870656912696354,vegetation,vegetation
"(80:90,100:110)",0.48169743665595083,0.46187112553908444,-0.01982631111686639,vegetation,vegetation
"(80:90,110:120)",0.4261030480038718,0.4032359604361588,-0.022867087567712996,vegetation,vegetation
"(80:90,120:130)",0.4796650470042396,0.43502021552145675,-0.044644831482782865,vegetation,vegetation
"(80:90,130:140)",0.4822662810170935,0.42020021114572204,-0.062066069871371476,vegetation,vegetation
"(80:90,140:150)",0.44997201317323404,0.42509211042132233,-0.02487990275191171,vegetation,vegetation
"(80:90,150:160)",0.3545458646280802,0.3106176153237423,-0.04392824930433786,vegetation,vegetation
"(80:90,160:170)",0.37042585375892456,0.28426775824910266,-0.0861580955098219,vegetation,land
"(80:90,170:180)",0.1574873123137391,0.07430060400802867,-0.08318670830571044,land,land
"(80:90,180:190)",0.35242637275608957,0.3344917516338644,-0.01793462112222516,vegetation,vegetation
"(80:90,190:200)",0.47823953204621517,0.46316997193212567,-0.015069560114089497,vegetation,vegetation
"(80:90,200:210)",0.4337550042276176,0.3911720666204117,-0.042582937607205884,vegetation,vegetation
"(80:90,210:220)",0.3445321898270906,0.26649799060339946,-0.07803419922369115,vegetation,land
"(80:90,220:230)",0.2842524242905361,0.21377712970172982,-0.07047529458880628,land,land
"(80:90,230:240)",0.023934382896621975,0.1380058626292498,0.11407147973262782,land,land
"(80:90,240:250)",-0.019013712846455078,0.04336724947082532,0.062380962317280395,land,land
"(80:90,250:260)",0.0613822359281122,0.1138140037460897,0.0524317678179775,land,land
"(80:90,260:270)",-0.015648325324514677,0.03595286347553166,0.051601188800046334,land,land
"(80:90,270:280)",0.006386163977502233,0.003027102991471944,-0.003359060986030289,land,land
"(80:90,280:290)",0.13666248114573767,0.11339113633638435,-0.02327134480935332,land,land
"(80:90,290:300)",0.33474231159087625,0.31175055413588126,-0.022991757454994988,vegetation,vegetation
"(80:90,300:310)",0.4563602345987191,0.4628658401057666,0.006505605507047485,vegetation,vegetation
"(90:100,0:10)",-0.012084916220249362,0.09292472791555743,0.1050096441358068,land,land
"(90:100,10:20)",-0.0355180718999432,0.0008551475358074565,0.036373219435750656,land,land
"(90:100,20:30)",-0.0409055068954886,-0.03246658682715677,0.008438920068331829,land,land
"(90:100,30:40)",-0.04946055571148461,-0.04387597642695153,0.005584579284533084,land,land
"(90:100,40:50)",-0.03317137962450672,0.005648534843539237,0.03881991446804595,land,land
"(90:100,50:60)",0.1366183205994522,0.12092271008719516,-0.01569561051225704,land,land
"(90:100,60:70)",0.2952060136067976,0.23333237315468427,-0.061873640452113327,land,land
"(90:100,70:80)",0.44537473917059,0.40700565523004684,-0.03836908394054317,vegetation,vegetation
"(90:100,80:90)",0.4550985320679771,0.42842790474491366,-0.026670627323063467,vegetation,vegetation
"(90:100,90:100)",0.3350551817666212,0.3142200182672721,-0.020835163499349107,vegetation,vegetation
"(90:100,100:110)",0.4492489497491545,0.44371313813272795,-0.005535811616426578,vegetation,vegetation
"(90:100,110:120)",0.5002735765586519,0.4870006114824723,-0.013272965076179588,vegetation,vegetation
"(90:100,120:130)",0.5379628405929807,0.5259538589781093,-0.012008981614871406,vegetation,vegetation
"(90:100,130:140)",0.45319919985729507,0.42254383850079896,-0.030655361356496102,vegetation,vegetation
"(90:100,140:150)",0.35938682786561205,0.30792514237761176,-0.051461685488000286,vegetation,vegetation
"(90:100,150:160)",0.19354181945954926,0.12640736017345813,-0.06713445928609113,land,land
"(90:100,160:170)",0.24035127027813363,0.18577277749798335,-0.054578492780150284,land,land
"(90:100,170:180)",0.4410256591605246,0.41401551898950595,-0.02701014017101866,vegetation,vegetation
"(90:100,180:190)",0.49176280267221223,0.4816132208884642,-0.01014958178374803,vegetation,vegetation
"(90:100,190:200)",0.4608013941632537,0.43278439825948745,-0.028016995903766273,vegetation,vegetation
"(90:100,200:210)",0.4000171018014831,0.3303789427179671,-0.069638159083516,vegetation,vegetation
"(90:100,210:220)",0.14495632991570973,0.08956285837153966,-0.05539347154417007,land,land
"(90:100,220:230)",-0.0019808367642998497,-0.004742959253357716,-0.002762122489057866,land,land
"(90:100,230:240)",-0.01901129788221746,0.02921388688775743,0.048225184769974894,land,land
"(90:100,240:250)",0.1509424437803955,0.1953712821648974,0.0444288383845019,land,land
"(90:100,250:260)",0.07064894476336588,0.12939440063754545,0.05874545587417958,land,land
"(90:100,260:270)",-0.036593532669878616,-0.0128455250070197,0.023748007662858915,land,land
"(90:100,270:280)",-0.020904885911546146,0.0027529054845592967,0.02365779139610544,land,land
"(90:100,280:290)",0.11545871808947675,0.09341271446793914,-0.022046003621537608,land,land
"(90:100,290:300)",0.2861682763098736,0.22819925963562568,-0.05796901667424795,land,land
"(90:100,300:310)",0.3718182435622384,0.331231435283851,-0.0405868082783874,vegetation,vegetation
"(100:110,0:10)",-0.01649224930373308,0.09409153276467226,0.11058378206840534,land,land
"(100:110,10:20)",-0.03384535660242046,0.05719878301002014,0.0910441396124406,land,land
"(100:110,20:30)",-0.0390526155603067,-0.0006717562701777563,0.038380859290128945,land,land
"(100:110,30:40)",-0.040478169179549724,-0.026910747481838332,0.013567421697711392,land,land
"(100:110,40:50)",-0.02512905832679984,0.007577902338084019,0.032706960664883857,land,land
"(100:110,50:60)",0.054535721026808565,0.07500445763054263,0.020468736603734064,land,land
"(100:110,60:70)",0.1887424878657965,0.17290686426801244,-0.015835623597784065,land,land
"(100:110,70:80)",0.4405731188728538,0.40806143649026394,-0.032511682382589835,vegetation,vegetation
"(100:110,80:90)",0.4322613390625027,0.4124361163940782,-0.019825222668424514,vegetation,vegetation
"(100:110,90:100)",0.3982297438108151,0.37772804534223753,-0.02050169846857758,vegetation,vegetation
"(100:110,100:110)",0.341207236655087,0.3335148120808597,-0.007692424574227308,vegetation,vegetation
"(100:110,110:120)",0.49157249021712035,0.4693772262766603,-0.022195263940460064,vegetation,vegetation
"(100:110,120:130)",0.4180789149721536,0.3813056504904999,-0.03677326448165369,vegetation,vegetation
"(100:110,130:140)",0.46586868023877015,0.3862898619741523,-0.07957881826461782,vegetation,vegetation
"(100:110,140:150)",0.3861434328537095,0.2634674476686766,-0.12267598518503292,vegetation,land
"(100:110,150:160)",0.2871824541128331,0.2350331273873224,-0.0521493267255107,land,land
"(100:110,160:170)",0.5268012084774881,0.49628915869912144,-0.03051204977836669,vegetation,vegetation
"(100:110,170:180)",0.5486032629239382,0.5431416816588304,-0.005461581265107873,vegetation,vegetation
"(100:110,180:190)",0.4573495912474433,0.4403572681290081,-0.016992323118435182,vegetation,vegetation
"(100:110,190:200)",0.3335591263458749,0.23219973107945102,-0.1013593952664239,vegetation,land
"(100:110,200:210)",0.31267276594460996,0.26564743773460525,-0.04702532821000471,vegetation,land
"(100:110,210:220)",0.2882671535373872,0.24578670172852626,-0.042480451808860925,land,land
"(100:110,220:230)",0.011809350936646139,0.03542465340578968,0.02361530246914354,land,land
"(100:110,230:240)",0.14582874333407642,0.19428780704176113,0.04845906370768471,land,land
"(100:110,240:250)",0.11312422339730718,0.17979204292633177,0.06666781952902459,land,land
"(100:110,250:260)",0.0038951116004089462,0.0819222654268679,0.07802715382645894,land,land
"(100:110,260:270)",0.0016345400031279975,0.052025479545717054,0.05039093954258906,land,land
"(100:110,270:280)",-0.011753217536144831,0.01807970717502601,0.02983292471117084,land,land
"(100:110,280:290)",0.009716991603344716,0.009336631852168898,-0.000380359751175818,land,land
"(100:110,290:300)",0.1255929341668617,0.1282236979233545,0.0026307637564927933,land,land
"(100:110,300:310)",0.2828629197082627,0.2685080719886888,-0.014354847719573904,land,land
"(110:120,0:10)",0.061222136492072005,0.2197330965746317,0.1585109600825597,land,land
"(110:120,10:20)",0.014154520809671443,0.0671100795063362,0.05295555869666475,land,land
"(110:120,20:30)",-0.039068651053021444,-0.009126083831767554,0.02994256722125389,land,land
"(110:120,30:40)",-0.03158924519900294,-0.01536771832174119,0.01622152687726175,land,land
"(110:120,40:50)",-0.02822761500021928,0.04959125017638768,0.07781886517660697,land,land
"(110:120,50:60)",0.0022983387015240763,0.04915735355537627,0.04685901485385219,land,land
"(110:120,60:70)",0.20197055951195927,0.20277249595055502,0.0008019364385957461,land,land
"(110:120,70:80)",0.4824800101684902,0.4574667082177889,-0.025013301950701283,vegetation,vegetation
"(110:120,80:90)",0.4515012988171301,0.4272937511072768,-0.024207547709853283,vegetation,vegetation
"(110:120,90:100)",0.44535448367260405,0.4259914711425368,-0.019363012530067225,vegetation,vegetation
"(110:120,100:110)",0.3587658501116205,0.350208607953351,-0.008557242158269474,vegetation,vegetation
"(110:120,110:120)",0.4236154958912675,0.42040629610886576,-0.0032091997824017504,vegetation,vegetation
"(110:120,120:130)",0.46565275670279205,0.43728849868662434,-0.02836425801616771,vegetation,vegetation
"(110:120,130:140)",0.4720245337874032,0.43517404490638506,-0.03685048888101816,vegetation,vegetation
"(110:120,140:150)",0.437549687480827,0.3669038549713808,-0.07064583250944623,vegetation,vegetation
"(110:120,150:160)",0.48117689075224745,0.4445126694414018,-0.03666422131084568,vegetation,vegetation
"(110:120,160:170)",0.49083193577903134,0.4713662100253003,-0.01946572575373101,vegetation,vegetation
"(110:120,170:180)",0.4865626502631211,0.46801168536728105,-0.018550964895840072,vegetation,vegetation
"(110:120,180:190)",0.3652198434482593,0.25924211493982835,-0.10597772850843096,vegetation,land
"(110:120,190:200)",0.18808864424522373,0.12594602204548042,-0.062142622199743314,land,land
"(110:120,200:210)",0.030129415950170345,0.06993242954151348,0.03980301359134313,land,land
"(110:120,210:220)",0.36084385796203816,0.3945606387967615,0.03371678083472335,vegetation,vegetation
"(110:120,220:230)",0.03647871196654988,0.0878529920620182,0.05137428009546832,land,land
"(110:120,230:240)",0.23043021781474995,0.29388595171305565,0.0634557338983057,land,vegetation
"(110:120,240:250)",0.22542630754282375,0.23168623713292022,0.006259929590096469,land,land
"(110:120,250:260)",-0.030331365537399776,-0.009796432148113349,0.020534933389286428,land,land
"(110:120,260:270)",-0.06354312449419475,-0.07045706493025415,-0.006913940436059404,land,land
"(110:120,270:280)",-0.049421851040045144,-0.036527739052348004,0.012894111987697139,land,land
"(110:120,280:290)",-0.013418155052162914,0.010293609062271383,0.0237117641144343,land,land
"(110:120,290:300)",0.11046924469132044,0.1029093913988169,-0.0075598532925035405,land,land
"(110:120,300:310)",0.1594760483018325,0.12985225588777913,-0.029623792414053385,land,land
"(120:130,0:10)",-0.04311507570488187,0.017676012047688653,0.06079108775257053,land,land
"(120:130,10:20)",-0.04979162644834585,-0.006979481018233929,0.04281214543011192,land,land
"(120:130,20:30)",-0.02538552197868553,0.0576327240523148,0.08301824603100033,land,land
"(120:130,30:40)",-0.02373314571326117,0.11191084205273766,0.13564398776599884,land,land
"(120:130,40:50)",-0.04589221601227239,0.0039364342021498775,0.04982865021442227,land,land
"(120:130,50:60)",0.007541101059250734,0.06924256605996984,0.0617014650007191,land,land
"(120:130,60:70)",0.19405689547680052,0.172098891817351,-0.021958003659449526,land,land
"(120:130,70:80)",0.4788395060871727,0.43378285575229575,-0.045056650334876935,vegetation,vegetation
"(120:130,80:90)",0.4888748292053206,0.4451405680818996,-0.04373426112342099,vegetation,vegetation
"(120:130,90:100)",0.43476738969025347,0.41072642336889237,-0.0240409663213611,vegetation,vegetation
"(120:130,100:110)",0.45843209815802427,0.4497242742930736,-0.00870782386495067,vegetation,vegetation
"(120:130,110:120)",0.4443185303292948,0.4304456038713322,-0.01387292645796262,vegetation,vegetation
"(120:130,120:130)",0.4803718987368646,0.46895323465997785,-0.011418664076886742,vegetation,vegetation
"(120:130,130:140)",0.5050976224330287,0.5002959894390222,-0.004801632994006488,vegetation,vegetation
"(120:130,140:150)",0.46455421384634016,0.4564067131863556,-0.008147500659984541,vegetation,vegetation
"(120:130,150:160)",0.5123471725423167,0.49736785013850077,-0.014979322403815887,vegetation,vegetation
"(120:130,160:170)",0.4590158456306848,0.4181181953035815,-0.040897650327103297,vegetation,vegetation
"(120:130,170:180)",0.3046237094404665,0.19277569666879749,-0.11184801277166903,land,land
"(120:130,180:190)",0.29767734261145007,0.2172747154586994,-0.08040262715275068,land,land
"(120:130,190:200)",0.16906280957985917,0.11680780494782089,-0.05225500463203828,land,land
"(120:130,200:210)",0.09477834861850132,0.1472807896166077,0.05250244099810639,land,land
"(120:130,210:220)",0.2805753934305732,0.3372892033860284,0.05671380995545522,land,vegetation
"(120:130,220:230)",0.04444421573671496,0.11142587125196408,0.06698165551524912,land,land
"(120:130,230:240)",0.23548182307251586,0.24949283387262441,0.014011010800108553,land,land
"(120:130,240:250)",0.39278636585151927,0.3735048885655479,-0.01928147728597135,vegetation,vegetation
"(120:130,250:260)",0.11680817057399855,0.09783783861396816,-0.01897033196003038,land,land
"(120:130,260:270)",-0.009441228782091247,0.02405248507665523,0.03349371385874648,land,land
"(120:130,270:280)",-0.026441763365368427,0.047498109513554626,0.07393987287892305,land,land
"(120:130,280:290)",-0.002863052848373992,0.0563571392665756,0.059220192114949596,land,land
"(120:130,290:300)",0.012553111054378015,0.053201488040574896,0.04064837698619688,land,land
"(120:130,300:310)",0.14027868742748276,0.17767364539890557,0.03739495797142281,land,land
"(130:140,0:10)",-0.04443647633701804,0.01874956440594355,0.0631860407429616,land,land
"(130:140,10:20)",0.036080216775801775,0.13249376026302012,0.09641354348721834,land,land
"(130:140,20:30)",0.1455097520954329,0.223549206336412,0.0780394542409791,land,land
"(130:140,30:40)",-0.0007403209214118454,0.056946875574571655,0.0576871964959835,land,land
"(130:140,40:50)",-0.03990256854308063,0.0075276456460198985,0.047430214189100525,land,land
"(130:140,50:60)",-0.02363225736577243,0.04760613160056603,0.07123838896633847,land,land
"(130:140,60:70)",0.08692343525201483,0.13725215418663603,0.050328718934621194,land,land
"(130:140,70:80)",0.404928455926277,0.3422035728561296,-0.0627248830701474,vegetation,vegetation
"(130:140,80:90)",0.4845485383579983,0.43820693883015827,-0.04634159952784006,vegetation,vegetation
"(130:140,90:100)",0.47266980116646434,0.447719436984202,-0.02495036418226232,vegetation,vegetation
"(130:140,100:110)",0.47868768109392285,0.476116970464758,-0.002570710629164863,vegetation,vegetation
"(130:140,110:120)",0.48480355192706037,0.49344563481360604,0.008642082886545666,vegetation,vegetation
"(130:140,120:130)",0.5172274918547494,0.5266493658974905,0.009421874042741085,vegetation,vegetation
"(130:140,130:140)",0.5022175916634025,0.49321907079327304,-0.008998520870129478,vegetation,vegetation
"(130:140,140:150)",0.5294535759407546,0.5224654492146241,-0.0069881267261304725,vegetation,vegetation
"(130:140,150:160)",0.4877406256405367,0.47429031600629573,-0.013450309634240987,vegetation,vegetation
"(130:140,160:170)",0.3778583129334672,0.33091450193024535,-0.04694381100322187,vegetation,vegetation
"(130:140,170:180)",0.4492102169805502,0.3743866847554369,-0.07482353222511329,vegetation,vegetation
"(130:140,180:190)",0.2377559315626819,0.20936529355106137,-0.028390638011620534,land,land
"(130:140,190:200)",0.021825441584931653,0.060518146809907164,0.03869270522497551,land,land
"(130:140,200:210)",0.30264732729167865,0.3143998428246439,0.011752515532965246,land,vegetation
"(130:140,210:220)",0.42416778105850833,0.41304676802001766,-0.011121013038490668,vegetation,vegetation
"(130:140,220:230)",0.31282558081946193,0.31625453022055805,0.0034289494010961152,vegetation,vegetation
"(130:140,230:240)",0.41617523519197586,0.4051665059209897,-0.011008729270986173,vegetation,vegetation
"(130:140,240:250)",0.38592335791979543,0.3750650471075577,-0.010858310812237704,vegetation,vegetation
"(130:140,250:260)",0.23908792676540447,0.2115464192502052,-0.027541507515199265,land,land
"(130:140,260:270)",0.009934489983275471,0.029989602132466223,0.02005511214919075,land,land
"(130:140,270:280)",0.047742252370747716,0.10803362554203977,0.06029137317129205,land,land
"(130:140,280:290)",0.06887430085563398,0.0879576923509297,0.019083391495295726,land,land
"(130:140,290:300)",0.3153276798097433,0.28369341468003895,-0.03163426512970435,vegetation,land
"(130:140,300:310)",0.33533759441657435,0.3322757785116078,-0.0030618159049665694,vegetation,vegetation
"(140:150,0:10)",0.261196590115888,0.20341046028253687,-0.05778612983335116,land,land
"(140:150,10:20)",0.26396198622205214,0.19585932044464296,-0.06810266577740917,land,land
"(140:150,20:30)",0.13258751675572655,0.12534098290132376,-0.007246533854402798,land,land
"(140:150,30:40)",-0.028028663648154994,-0.008466368783439999,0.019562294864714995,land,land
"(140:150,40:50)",-0.03597449960339088,0.04236099445305553,0.07833549405644641,land,land
"(140:150,50:60)",-0.03492175230818186,0.04472969758582335,0.07965144989400522,land,land
"(140:150,60:70)",0.1331674512165234,0.19093572201464304,0.057768270798119636,land,land
"(140:150,70:80)",0.37452105218121284,0.3285581752959919,-0.04596287688522094,vegetation,vegetation
"(140:150,80:90)",0.44068613917885036,0.3805171856539989,-0.060168953524851465,vegetation,vegetation
"(140:150,90:100)",0.48657059463232805,0.4367965036908323,-0.04977409094149576,vegetation,vegetation
"(140:150,100:110)",0.41418422766814567,0.38924700507459925,-0.024937222593546415,vegetation,vegetation
"(140:150,110:120)",0.44727406844222983,0.41853957694442523,-0.028734491497804604,vegetation,vegetation
"(140:150,120:130)",0.4002517074628449,0.3795253379421169,-0.020726369520727983,vegetation,vegetation
"(140:150,130:140)",0.39185096600679836,0.3873198969614035,-0.004531069045394853,vegetation,vegetation
"(140:150,140:150)",0.4878575811772162,0.48788859580080085,3.101462358462426e-05,vegetation,vegetation
"(140:150,150:160)",0.361914166976974,0.3083511826082754,-0.05356298436869861,vegetation,vegetation
"(140:150,160:170)",0.40584706206795657,0.36210701196109274,-0.043740050106863826,vegetation,vegetation
"(140:150,170:180)",0.42487731498605447,0.3470877761778132,-0.07778953880824124,vegetation,vegetation
"(140:150,180:190)",0.24307164651433538,0.1969390421598324,-0.046132604354502976,land,land
"(140:150,190:200)",0.35221776305451674,0.33180907115716374,-0.020408691897353004,vegetation,vegetation
"(140:150,200:210)",0.4417186726798859,0.42257601749155077,-0.019142655188335134,vegetation,vegetation
"(140:150,210:220)",0.47654412983843497,0.45447392756168675,-0.02207020227674822,vegetation,vegetation
"(140:150,220:230)",0.45312737562271765,0.44636930049435086,-0.006758075128366792,vegetation,vegetation
"(140:150,230:240)",0.529914120557811,0.5225798456326083,-0.007334274925202666,vegetation,vegetation
"(140:150,240:250)",0.4136672365911821,0.3704963357613974,-0.0431709008297847,vegetation,vegetation
"(140:150,250:260)",0.03497833487603613,0.03852508119222453,0.0035467463161883983,land,land
"(140:150,260:270)",-0.029558561239665968,-0.0021139536792729847,0.027444607560392985,land,land
"(140:150,270:280)",0.09906869175700198,0.08459914275332496,-0.014469549003677015,land,land
"(140:150,280:290)",0.26511098966699975,0.23456334103456533,-0.03054764863243442,land,land
"(140:150,290:300)",0.3930230468097231,0.37319659179267106,-0.019826455017052047,vegetation,vegetation
"(140:150,300:310)",0.36929926642915656,0.34229324270988665,-0.02700602371926991,vegetation,vegetation
"(150:160,0:10)",0.306815334268035,0.1742675527695812,-0.13254778149845378,land,land
"(150:160,10:20)",0.03454813197194163,0.021929518096461556,-0.012618613875480071,land,land
"(150:160,20:30)",-0.021227323824954784,0.003988487255262908,0.02521581108021769,land,land
"(150:160,30:40)",-0.0009219570729798924,0.1230857918988204,0.12400774897180028,land,land
"(150:160,40:50)",0.04272142102371883,0.0931094229326483,0.050388001908929475,land,land
"(150:160,50:60)",-0.020624941847372878,0.05656659372678058,0.07719153557415345,land,land
"(150:160,60:70)",0.05358506612407227,0.12028275463515542,0.06669768851108315,land,land
"(150:160,70:80)",0.14741468763020815,0.13407349793979523,-0.013341189690412925,land,land
"(150:160,80:90)",0.2926562786515196,0.2569083038780393,-0.035747974773480296,land,land
"(150:160,90:100)",0.4921366962868273,0.44945230498625466,-0.042684391300572666,vegetation,vegetation
"(150:160,100:110)",0.43992503040291064,0.39919655640455814,-0.0407284739983525,vegetation,vegetation
"(150:160,110:120)",0.241050553428859,0.16984545382328148,-0.07120509960557753,land,land
"(150:160,120:130)",0.2940321141686415,0.25467458020377093,-0.03935753396487057,land,land
"(150:160,130:140)",0.4705142187109306,0.4688110910270174,-0.0017031276839131748,vegetation,vegetation
"(150:160,140:150)",0.47276095953139297,0.48001575348685277,0.007254793955459804,vegetation,vegetation
"(150:160,150:160)",0.4951496738914907,0.48654805288476183,-0.008601621006728899,vegetation,vegetation
"(150:160,160:170)",0.4335873676918273,0.4063903144167197,-0.02719705327510763,vegetation,vegetation
"(150:160,170:180)",0.4890965074527835,0.46916214250626004,-0.019934364946523453,vegetation,vegetation
"(150:160,180:190)",0.4938578494152383,0.4796139311354345,-0.014243918279803813,vegetation,vegetation
"(150:160,190:200)",0.4644399184400072,0.44897238916041693,-0.015467529279590275,vegetation,vegetation
"(150:160,200:210)",0.5059418733472262,0.480030967049397,-0.02591090629782916,vegetation,vegetation
"(150:160,210:220)",0.47855477479077335,0.44592966664395806,-0.032625108146815296,vegetation,vegetation
"(150:160,220:230)",0.5063796483448451,0.49345125453655425,-0.012928393808290806,vegetation,vegetation
"(150:160,230:240)",0.4661231652777941,0.4387306116429743,-0.02739255363481985,vegetation,vegetation
"(150:160,240:250)",0.32260808238155575,0.3048059766196391,-0.017802105761916653,vegetation,vegetation
"(150:160,250:260)",-0.005033824960414172,0.022160829917780376,0.027194654878194547,land,land
"(150:160,260:270)",0.15715120189348153,0.10634557055542132,-0.05080563133806021,land,land
"(150:160,270:280)",0.3344851735920257,0.2850523311976128,-0.04943284239441287,vegetation,land
"(150:160,280:290)",0.4292436518196513,0.406043146001562,-0.0232005058180893,vegetation,vegetation
"(150:160,290:300)",0.467229012573331,0.45365965251589907,-0.013569360057431923,vegetation,vegetation
"(150:160,300:310)",0.3952622043533907,0.3679982161131473,-0.027263988240243398,vegetation,vegetation
"(160:170,0:10)",0.4113059081088211,0.2609503586471301,-0.150355549461691,vegetation,land
"(160:170,10:20)",0.1592705043199744,0.06710089000439294,-0.09216961431558145,land,land
"(160:170,20:30)",0.08587461877444014,0.024376781431276175,-0.06149783734316396,land,land
"(160:170,30:40)",0.20407568750556443,0.1531452182580378,-0.050930469247526616,land,land
"(160:170,40:50)",0.07047930374262891,0.06389748014147983,-0.0065818236011490755,land,land
"(160:170,50:60)",-0.06478109121418357,-0.02583663975870233,0.03894445145548124,land,land
"(160:170,60:70)",-0.029996375378206253,-0.0021666551358997996,0.027829720242306455,land,land
"(160:170,70:80)",0.0987261111179574,0.06308948773912486,-0.03563662337883254,land,land
"(160:170,80:90)",0.22593842624875826,0.16022280654669616,-0.0657156197020621,land,land
"(160:170,90:100)",0.4576439738779433,0.3939323066989708,-0.06371166717897253,vegetation,vegetation
"(160:170,100:110)",0.47425604288462003,0.431366675410433,-0.042889367474187035,vegetation,vegetation
"(160:170,110:120)",0.4214994250589708,0.3834476134770915,-0.03805181158187931,vegetation,vegetation
"(160:170,120:130)",0.5391373055726516,0.5351365566265307,-0.004000748946120902,vegetation,vegetation
"(160:170,130:140)",0.5358329810816828,0.5434381092508846,0.007605128169201891,vegetation,vegetation
"(160:170,140:150)",0.4620746027201814,0.48850850764324866,0.026433904923067242,vegetation,vegetation
"(160:170,150:160)",0.5078909846021922,0.49977225887445975,-0.008118725727732423,vegetation,vegetation
"(160:170,160:170)",0.4849577729925816,0.4644044320753016,-0.020553340917280005,vegetation,vegetation
"(160:170,170:180)",0.5187810313153591,0.5093206574345905,-0.009460373880768591,vegetation,vegetation
"(160:170,180:190)",0.5203151015142605,0.5000303414204426,-0.020284760093817966,vegetation,vegetation
"(160:170,190:200)",0.4166171056706213,0.38103569105290136,-0.035581414617719964,vegetation,vegetation
"(160:170,200:210)",0.2901255063461262,0.20121798182816966,-0.08890752451795655,land,land
"(160:170,210:220)",0.3080713442902249,0.208738659024572,-0.09933268526565292,land,land
"(160:170,220:230)",0.43517304694884323,0.3531959039986283,-0.08197714295021491,vegetation,vegetation
"(160:170,230:240)",0.40569682692088144,0.34595675315579344,-0.059740073765088,vegetation,vegetation
"(160:170,240:250)",0.3881229496317541,0.38783967914777273,-0.0002832704839813571,vegetation,vegetation
"(160:170,250:260)",0.06302746781711606,0.0956740759983352,0.032646608181219144,land,land
"(160:170,260:270)",0.25892963305312333,0.19847625548190465,-0.060453377571218686,land,land
"(160:170,270:280)",0.40732757994137564,0.3792015708113461,-0.02812600913002955,vegetation,vegetation
"(160:170,280:290)",0.44707481711387487,0.419780504638224,-0.027294312475650895,vegetation,vegetation
"(160:170,290:300)",0.4049959536184165,0.39387921864092207,-0.011116734977494436,vegetation,vegetation
"(160:170,300:310)",0.5011859762532045,0.48369236418358097,-0.01749361206962352,vegetation,vegetation
"(170:180,0:10)",0.403435832487438,0.36559592958377507,-0.0378399029036629,vegetation,vegetation
"(170:180,10:20)",0.3677795751574891,0.21405774378014247,-0.15372183137734663,vegetation,land
"(170:180,20:30)",0.341392265443211,0.16980279483669708,-0.17158947060651392,vegetation,land
"(170:180,30:40)",0.12648449650346996,0.04544711191548625,-0.08103738458798371,land,land
"(170:180,40:50)",-0.03114314089374222,-0.009488685881143148,0.02165445501259907,land,land
"(170:180,50:60)",-0.028734468018763518,-0.014613549075348935,0.014120918943414582,land,land
"(170:180,60:70)",-0.022539559846007796,0.0038717027604772765,0.026411262606485072,land,land
"(170:180,70:80)",-0.03304597466469516,-0.002761915438258606,0.030284059226436552,land,land
"(170:180,80:90)",0.15719373027038683,0.10407298758494773,-0.05312074268543909,land,land
"(170:180,90:100)",0.4291884732771324,0.362250227148421,-0.06693824612871141,vegetation,vegetation
"(170:180,100:110)",0.46749074917307026,0.43417726713201354,-0.03331348204105672,vegetation,vegetation
"(170:180,110:120)",0.45394330112257125,0.4293927592836036,-0.024550541838967654,vegetation,vegetation
"(170:180,120:130)",0.43856563467867354,0.40571408179964763,-0.032851552879025914,vegetation,vegetation
"(170:180,130:140)",0.461332255956957,0.44723851658269886,-0.014093739374258119,vegetation,vegetation
"(170:180,140:150)",0.4671247835297709,0.476477555066478,0.009352771536707105,vegetation,vegetation
"(170:180,150:160)",0.4602276896215221,0.45274320271347174,-0.0074844869080503695,vegetation,vegetation
"(170:180,160:170)",0.46018538954359944,0.44730430315565217,-0.012881086387947271,vegetation,vegetation
"(170:180,170:180)",0.4032631058975839,0.3527210698037388,-0.05054203609384511,vegetation,vegetation
"(170:180,180:190)",0.34391149740164545,0.28842584304323876,-0.05548565435840669,vegetation,vegetation
"(170:180,190:200)",0.3282051829734894,0.25661545822522347,-0.07158972474826591,vegetation,land
"(170:180,200:210)",0.38261852949356284,0.28165101754180155,-0.10096751195176129,vegetation,land
"(170:180,210:220)",0.253530810275299,0.20304037082916562,-0.05049043944613338,land,land
"(170:180,220:230)",0.4360080137844189,0.4108183513914217,-0.025189662392997192,vegetation,vegetation
"(170:180,230:240)",0.38543195747883224,0.41440416266385144,0.028972205185019195,vegetation,vegetation
"(170:180,240:250)",0.17767137620346013,0.24178469455389323,0.0641133183504331,land,land
"(170:180,250:260)",0.0982170410564895,0.13199356339273463,0.03377652233624513,land,land
"(170:180,260:270)",0.4141750243452579,0.37884882385981267,-0.035326200485445214,vegetation,vegetation
"(170:180,270:280)",0.46736697203450744,0.4550449865287496,-0.01232198550575786,vegetation,vegetation
"(170:180,280:290)",0.3886356522990341,0.3689253326663385,-0.019710319632695594,vegetation,vegetation
"(170:180,290:300)",0.4563953245398719,0.44707374103446995,-0.009321583505401965,vegetation,vegetation
"(170:180,300:310)",0.5014957515053191,0.4846423382913006,-0.01685341321401851,vegetation,vegetation
"(180:190,0:10)",0.5141590621901897,0.5000831714159635,-0.014075890774226218,vegetation,vegetation
"(180:190,10:20)",0.44844669711684576,0.426855249858586,-0.02159144725825979,vegetation,vegetation
"(180:190,20:30)",0.3793975703139203,0.2988479082157017,-0.08054966209821862,vegetation,vegetation
"(180:190,30:40)",0.24667382562758047,0.12054584331485219,-0.1261279823127283,land,land
"(180:190,40:50)",0.1395663911235532,0.0326929478042419,-0.10687344331931131,land,land
"(180:190,50:60)",0.19011161279210287,0.11165521893829537,-0.0784563938538075,land,land
"(180:190,60:70)",0.026408373122103382,0.030831091385548817,0.004422718263445435,land,land
"(180:190,70:80)",-0.035504619706330204,-0.011709605140278806,0.023795014566051396,land,land
"(180:190,80:90)",0.10830014403454032,0.06486265109890825,-0.043437492935632066,land,land
"(180:190,90:100)",0.38833202576151316,0.2903711113365436,-0.09796091442496957,vegetation,vegetation
"(180:190,100:110)",0.4251319300234871,0.3786103760526365,-0.046521553970850615,vegetation,vegetation
"(180:190,110:120)",0.40711508928746354,0.3659452768304117,-0.04116981245705181,vegetation,vegetation
"(180:190,120:130)",0.479864617340331,0.46006957840843576,-0.019795038931895215,vegetation,vegetation
"(180:190,130:140)",0.5656155411352456,0.5201848158193263,-0.045430725315919296,vegetation,vegetation
"(180:190,140:150)",0.5106110333215538,0.4771892626827254,-0.033421770638828396,vegetation,vegetation
"(180:190,150:160)",0.4724708510401463,0.46842555600733077,-0.004045295032815532,vegetation,vegetation
"(180:190,160:170)",0.5306576590290267,0.5209169512827395,-0.009740707746287214,vegetation,vegetation
"(180:190,170:180)",0.4759033564423226,0.4479497284397596,-0.027953628002563013,vegetation,vegetation
"(180:190,180:190)",0.35669188586700334,0.28743470202745897,-0.06925718383954438,vegetation,land
"(180:190,190:200)",0.4026979682642395,0.29686307517678207,-0.10583489308745742,vegetation,vegetation
"(180:190,200:210)",0.370786642907877,0.2967290751979559,-0.07405756770992111,vegetation,vegetation
"(180:190,210:220)",0.3385797926146566,0.3022808901703582,-0.0362989024442984,vegetation,vegetation
"(180:190,220:230)",0.37895428342995885,0.37256239374260447,-0.00639188968735438,vegetation,vegetation
"(180:190,230:240)",0.2952067256873022,0.32596627801515404,0.030759552327851825,land,vegetation
"(180:190,240:250)",0.2917067223997978,0.2895661468791271,-0.0021405755206707067,land,vegetation
"(180:190,250:260)",0.43001334255419205,0.42082762146006497,-0.009185721094127075,vegetation,vegetation
"(180:190,260:270)",0.4762975703963096,0.45908639564487524,-0.017211174751434355,vegetation,vegetation
"(180:190,270:280)",0.4974294561385337,0.4838635730207772,-0.013565883117756472,vegetation,vegetation
"(180:190,280:290)",0.45413554818375673,0.44265985966611104,-0.011475688517645688,vegetation,vegetation
"(180:190,290:300)",0.4170733774500369,0.3905712844454279,-0.02650209300460904,vegetation,vegetation
"(180:190,300:310)",0.41471905431829426,0.33190536375370183,-0.08281369056459242,vegetation,vegetation
"(190:200,0:10)",0.5487383309705617,0.5020894995779223,-0.04664883139263942,vegetation,vegetation
"(190:200,10:20)",0.5174352732474149,0.4941273255665734,-0.02330794768084149,vegetation,vegetation
"(190:200,20:30)",0.528095149889183,0.4735191073512035,-0.05457604253797954,vegetation,vegetation
"(190:200,30:40)",0.4988607355385208,0.29468019553378283,-0.20418054000473795,vegetation,vegetation
"(190:200,40:50)",0.4211994896018381,0.22924279737985048,-0.19195669222198763,vegetation,land
"(190:200,50:60)",0.27751892224301317,0.12409704902207569,-0.15342187322093748,land,land
"(190:200,60:70)",-0.02215867764006812,0.0011236502850039516,0.023282327925072073,land,land
"(190:200,70:80)",-0.01962356776467171,0.021557124404217875,0.04118069216888959,land,land
"(190:200,80:90)",0.07857326480762943,0.0868192906313069,0.008246025823677477,land,land
"(190:200,90:100)",0.2965788281094039,0.25803907093253925,-0.03853975717686464,land,land
"(190:200,100:110)",0.3997245488995983,0.32929245867567886,-0.07043209022391944,vegetation,vegetation
"(190:200,110:120)",0.4483326428103717,0.39308764303698146,-0.05524499977339026,vegetation,vegetation
"(190:200,120:130)",0.3979262535524593,0.35124827928156194,-0.04667797427089737,vegetation,vegetation
"(190:200,130:140)",0.4047906709734388,0.3516715147710602,-0.053119156202378615,vegetation,vegetation
"(190:200,140:150)",0.5168569152474123,0.4738263068626191,-0.04303060838479317,vegetation,vegetation
"(190:200,150:160)",0.507311039532909,0.4717613503901774,-0.0355496891427316,vegetation,vegetation
"(190:200,160:170)",0.4521657053497169,0.4142916282548306,-0.03787407709488627,vegetation,vegetation
"(190:200,170:180)",0.5100137696092354,0.4791757675854624,-0.030838002023773015,vegetation,vegetation
"(190:200,180:190)",0.4885859604900284,0.4532369356080384,-0.03534902488198999,vegetation,vegetation
"(190:200,190:200)",0.4656508372426221,0.4251762827341572,-0.04047455450846488,vegetation,vegetation
"(190:200,200:210)",0.4587052055940066,0.4232311119053471,-0.0354740936886595,vegetation,vegetation
"(190:200,210:220)",0.4948628934210701,0.47333504289989475,-0.02152785052117534,vegetation,vegetation
"(190:200,220:230)",0.5139117957421357,0.48427315582789304,-0.029638639914242704,vegetation,vegetation
"(190:200,230:240)",0.4653932857243598,0.4417172148789813,-0.023676070845378483,vegetation,vegetation
"(190:200,240:250)",0.47519281627382526,0.45067560884343166,-0.024517207430393595,vegetation,vegetation
"(190:200,250:260)",0.5014829451933783,0.4868694036368788,-0.01461354155649952,vegetation,vegetation
"(190:200,260:270)",0.4360446339138116,0.42709083732425696,-0.008953796589554641,vegetation,vegetation
"(190:200,270:280)",0.4614032690879526,0.4473179300831198,-0.014085339004832775,vegetation,vegetation
"(190:200,280:290)",0.5260589230396496,0.5010782968599244,-0.024980626179725185,vegetation,vegetation
"(190:200,290:300)",0.34046032877026333,0.25863665086555004,-0.08182367790471329,vegetation,land
"(190:200,300:310)",0.2301833317514823,0.1487117185734345,-0.08147161317804782,land,land
"(200:210,0:10)",0.554431757388012,0.5048427165295073,-0.049589040858504685,vegetation,vegetation
"(200:210,10:20)",0.5365475281024567,0.4933869326328428,-0.04316059546961387,vegetation,vegetation
"(200:210,20:30)",0.5083686213072339,0.48337893909909013,-0.024989682208143793,vegetation,vegetation
"(200:210,30:40)",0.5388576281356565,0.4260102792802588,-0.11284734885539771,vegetation,vegetation
"(200:210,40:50)",0.4572234957032065,0.26854753346413845,-0.18867596223906802,vegetation,land
"(200:210,50:60)",0.23899256186392662,0.107688290323581,-0.13130427154034563,land,land
"(200:210,60:70)",-0.012713899701760114,0.007815384356706818,0.020529284058466934,land,land
"(200:210,70:80)",0.10755537983611899,0.10812916224339496,0.0005737824072759717,land,land
"(200:210,80:90)",0.1650134502465568,0.1826446923806047,0.017631242134047903,land,land
"(200:210,90:100)",0.3695670679694007,0.3631002658752967,-0.006466802094103996,vegetation,vegetation
"(200:210,100:110)",0.39951732123897044,0.35709715343277315,-0.042420167806197284,vegetation,vegetation
"(200:210,110:120)",0.4547033577201459,0.3818499347743721,-0.0728534229457738,vegetation,vegetation
"(200:210,120:130)",0.44291270131834715,0.4044098061948101,-0.03850289512353705,vegetation,vegetation
"(200:210,130:140)",0.44087060655558863,0.4175228222857001,-0.02334778426988854,vegetation,vegetation
"(200:210,140:150)",0.49888373571289135,0.49634068758802874,-0.0025430481248626124,vegetation,vegetation
"(200:210,150:160)",0.4970269734130297,0.45995076162878235,-0.03707621178424736,vegetation,vegetation
"(200:210,160:170)",0.38504695641941017,0.33263177025224033,-0.052415186167169836,vegetation,vegetation
"(200:210,170:180)",0.4899035878330866,0.4678853510385788,-0.02201823679450776,vegetation,vegetation
"(200:210,180:190)",0.5021177459111689,0.4866454237641365,-0.015472322147032369,vegetation,vegetation
"(200:210,190:200)",0.4932944743706977,0.4732270768756295,-0.020067397495068195,vegetation,vegetation
"(200:210,200:210)",0.5150956644003553,0.49667037917931955,-0.018425285221035703,vegetation,vegetation
"(200:210,210:220)",0.5101075834950568,0.5014023971409327,-0.008705186354124095,vegetation,vegetation
"(200:210,220:230)",0.549918342479772,0.5489403040655785,-0.0009780384141935272,vegetation,vegetation
"(200:210,230:240)",0.43758183944316026,0.3994379701774612,-0.03814386926569907,vegetation,vegetation
"(200:210,240:250)",0.4770761905710454,0.44935563512644777,-0.027720555444597617,vegetation,vegetation
"(200:210,250:260)",0.3953801770572772,0.37528215611764737,-0.020098020939629813,vegetation,vegetation
"(200:210,260:270)",0.5406946634042453,0.529114637321046,-0.011580026083199302,vegetation,vegetation
"(200:210,270:280)",0.5554149910627894,0.5353845190318917,-0.020030472030897695,vegetation,vegetation
"(200:210,280:290)",0.4691107253787626,0.4274526449165408,-0.0416580804622218,vegetation,vegetation
"(200:210,290:300)",0.28777833736120934,0.2293326779644013,-0.05844565939680804,land,land
"(200:210,300:310)",0.4466702760987795,0.4072692885959942,-0.03940098750278531,vegetation,vegetation
"(210:220,0:10)",0.5536081450783508,0.49623270104915507,-0.0573754440291957,vegetation,vegetation
"(210:220,10:20)",0.4962655611528743,0.43113019247972795,-0.06513536867314634,vegetation,vegetation
"(210:220,20:30)",0.42872490405728203,0.3986764702585385,-0.030048433798743557,vegetation,vegetation
"(210:220,30:40)",0.2955972977928145,0.1805943134545888,-0.11500298433822573,land,land
"(210:220,40:50)",0.3379807216034969,0.13615840606209464,-0.20182231554140226,vegetation,land
"(210:220,50:60)",0.16561924346981927,0.05103711605655901,-0.11458212741326027,land,land
"(210:220,60:70)",0.03739058903148678,0.03445829595986188,-0.002932293071624903,land,land
"(210:220,70:80)",0.17326174491649976,0.15332190456820058,-0.01993984034829918,land,land
"(210:220,80:90)",0.3480419844053116,0.33314147164105196,-0.014900512764259632,vegetation,vegetation
"(210:220,90:100)",0.45207614863116935,0.44144638618944915,-0.010629762441720203,vegetation,vegetation
"(210:220,100:110)",0.3833865920532842,0.2938764500576269,-0.08951014199565727,vegetation,vegetation
"(210:220,110:120)",0.5084167845743902,0.44932216245179674,-0.059094622122593476,vegetation,vegetation
"(210:220,120:130)",0.412500408138864,0.37591558487701876,-0.036584823261845256,vegetation,vegetation
"(210:220,130:140)",0.37960604740068604,0.36546208182180095,-0.014143965578885087,vegetation,vegetation
"(210:220,140:150)",0.38626357378112247,0.3338546253140645,-0.05240894846705796,vegetation,vegetation
"(210:220,150:160)",0.43480829763546125,0.326206134405168,-0.10860216323029326,vegetation,vegetation
"(210:220,160:170)",0.5686629998766984,0.4444318595667813,-0.12423114030991717,vegetation,vegetation
"(210:220,170:180)",0.3742669058181762,0.33408321537843405,-0.040183690439742126,vegetation,vegetation
"(210:220,180:190)",0.5160452783781706,0.4679802416325569,-0.04806503674561369,vegetation,vegetation
"(210:220,190:200)",0.45293369029911795,0.42176767387137737,-0.031166016427740584,vegetation,vegetation
"(210:220,200:210)",0.38887906910638115,0.3610063621869818,-0.02787270691939936,vegetation,vegetation
"(210:220,210:220)",0.4764132946777272,0.46265336172676436,-0.013759932950962839,vegetation,vegetation
"(210:220,220:230)",0.5811367020917607,0.5729693353238637,-0.008167366767896977,vegetation,vegetation
"(210:220,230:240)",0.46045433195148483,0.43581731583598005,-0.024637016115504784,vegetation,vegetation
"(210:220,240:250)",0.5272391885794688,0.49329236552087635,-0.03394682305859248,vegetation,vegetation
"(210:220,250:260)",0.48769791172547144,0.44783783480398315,-0.0398600769214883,vegetation,vegetation
"(210:220,260:270)",0.4777270370274612,0.4175209534516271,-0.060206083575834124,vegetation,vegetation
"(210:220,270:280)",0.4744204635023492,0.42814981421077114,-0.046270649291578037,vegetation,vegetation
"(210:220,280:290)",0.48681546347886495,0.4568286163929826,-0.02998684708588234,vegetation,vegetation
"(210:220,290:300)",0.33301572873125446,0.28767264871966963,-0.045343080011584824,vegetation,land
"(210:220,300:310)",0.29838263304612545,0.24100011913260766,-0.057382513913517785,land,land
"(220:230,0:10)",0.5285569474313399,0.4749349428951405,-0.053622004536199364,vegetation,vegetation
"(220:230,10:20)",0.47428677438376093,0.4406387841721572,-0.03364799021160375,vegetation,vegetation
"(220:230,20:30)",0.3827790196018428,0.31842780203794113,-0.06435121756390166,vegetation,vegetation
"(220:230,30:40)",0.4633902240425531,0.28114275662129323,-0.18224746742125986,vegetation,land
"(220:230,40:50)",0.16290655347101313,0.046903115528493806,-0.11600343794251933,land,land
"(220:230,50:60)",0.20346798520165973,0.10646379195745719,-0.09700419324420255,land,land
"(220:230,60:70)",0.290190721750659,0.16756958723366075,-0.12262113451699827,land,land
"(220:230,70:80)",0.33971855101913045,0.2995179977578077,-0.04020055326132277,vegetation,vegetation
"(220:230,80:90)",0.47401007734146633,0.4352110933961895,-0.03879898394527681,vegetation,vegetation
"(220:230,90:100)",0.37412832660088163,0.33230320318225787,-0.041825123418623766,vegetation,vegetation
"(220:230,100:110)",0.2740348018676811,0.22478576593690736,-0.04924903593077373,land,land
"(220:230,110:120)",0.3829880325111647,0.2939330808007789,-0.0890549517103858,vegetation,vegetation
"(220:230,120:130)",0.17643348112223012,0.10805802804738128,-0.06837545307484884,land,land
"(220:230,130:140)",0.23988557160443005,0.194882102969666,-0.045003468634764066,land,land
"(220:230,140:150)",0.33211027796285447,0.2870210164600512,-0.04508926150280329,vegetation,land
"(220:230,150:160)",0.5187732607931843,0.4813457465887127,-0.0374275142044716,vegetation,vegetation
"(220:230,160:170)",0.5760468543000203,0.506906817600497,-0.06914003669952329,vegetation,vegetation
"(220:230,170:180)",0.40593620089543303,0.37338425564776523,-0.0325519452476678,vegetation,vegetation
"(220:230,180:190)",0.48949875140708327,0.4506361899253587,-0.03886256148172457,vegetation,vegetation
"(220:230,190:200)",0.5830592238857574,0.5643237708711609,-0.018735453014596448,vegetation,vegetation
"(220:230,200:210)",0.5434794353452509,0.5231208861534005,-0.020358549191850428,vegetation,vegetation
"(220:230,210:220)",0.5795298961323769,0.5594826320783235,-0.020047264054053437,vegetation,vegetation
"(220:230,220:230)",0.5275020381226287,0.45623932439900594,-0.0712627137236228,vegetation,vegetation
"(220:230,230:240)",0.40843624025320047,0.2950130889391927,-0.11342315131400776,vegetation,vegetation
"(220:230,240:250)",0.5214101932369059,0.4575318410391531,-0.06387835219775273,vegetation,vegetation
"(220:230,250:260)",0.5170451753264745,0.44758295333464787,-0.06946222199182667,vegetation,vegetation
"(220:230,260:270)",0.430705742024725,0.3631523568832089,-0.0675533851415161,vegetation,vegetation
"(220:230,270:280)",0.42832213577767564,0.3787895595125578,-0.04953257626511781,vegetation,vegetation
"(220:230,280:290)",0.40360456912013093,0.3445888130701092,-0.05901575605002174,vegetation,vegetation
"(220:230,290:300)",0.4031864744822526,0.35555754666870343,-0.04762892781354916,vegetation,vegetation
"(220:230,300:310)",0.2520716824684624,0.2177796900435233,-0.034291992424939105,land,land
"(230:240,0:10)",0.4643836759455267,0.3936058689780868,-0.0707778069674399,vegetation,vegetation
"(230:240,10:20)",0.375767413532575,0.32690343320579623,-0.048863980326778744,vegetation,vegetation
"(230:240,20:30)",0.3257380750519912,0.2721567357830775,-0.05358133926891373,vegetation,land
"(230:240,30:40)",0.47077053674243025,0.3455851199534128,-0.12518541678901746,vegetation,vegetation
"(230:240,40:50)",0.24432819811878267,0.1670374674651466,-0.07729073065363606,land,land
"(230:240,50:60)",0.374749584178551,0.32264915239549813,-0.05210043178305285,vegetation,vegetation
"(230:240,60:70)",0.3991010431177232,0.37874708823747755,-0.02035395488024566,vegetation,vegetation
"(230:240,70:80)",0.44238111033321237,0.4237800698042436,-0.01860104052896877,vegetation,vegetation
"(230:240,80:90)",0.46016771980771665,0.4234601512672949,-0.03670756854042173,vegetation,vegetation
"(230:240,90:100)",0.3766335409699408,0.3246752091986582,-0.05195833177128256,vegetation,vegetation
"(230:240,100:110)",0.20481422565030702,0.1552839106378744,-0.04953031501243263,land,land
"(230:240,110:120)",0.17732851713019307,0.1362466712669257,-0.04108184586326738,land,land
"(230:240,120:130)",0.18617335582691996,0.16671812922970156,-0.019455226597218406,land,land
"(230:240,130:140)",0.2700130184001861,0.26320268436930927,-0.00681033403087683,land,land
"(230:240,140:150)",0.373068251494676,0.34242088597615966,-0.030647365518516323,vegetation,vegetation
"(230:240,150:160)",0.32579438310238124,0.2512931655077133,-0.07450121759466793,vegetation,land
"(230:240,160:170)",0.3553970007475569,0.2568494640487713,-0.09854753669878563,vegetation,land
"(230:240,170:180)",0.43221020083645567,0.3725696247204018,-0.05964057611605389,vegetation,vegetation
"(230:240,180:190)",0.3793835150256896,0.3226223845740176,-0.056761130451672026,vegetation,vegetation
"(230:240,190:200)",0.45709751373088486,0.4285192742212816,-0.028578239509603254,vegetation,vegetation
"(230:240,200:210)",0.5319475327426256,0.5188255143292221,-0.013122018413403547,vegetation,vegetation
"(230:240,210:220)",0.4929777188228035,0.4301212763823866,-0.06285644244041688,vegetation,vegetation
"(230:240,220:230)",0.40870122902072614,0.31500959486275226,-0.09369163415797388,vegetation,vegetation
"(230:240,230:240)",0.2725527477293577,0.20646335609927785,-0.06608939163007987,land,land
"(230:240,240:250)",0.3214242389320489,0.21817874234003107,-0.10324549659201784,vegetation,land
"(230:240,250:260)",0.3370083409745185,0.23198409818027785,-0.10502424279424064,vegetation,land
"(230:240,260:270)",0.2977154318426473,0.20457481694349172,-0.0931406148991556,land,land
"(230:240,270:280)",0.2982086362296367,0.21156085915900116,-0.08664777707063556,land,land
"(230:240,280:290)",0.4312776564613527,0.4005538858796418,-0.030723770581710885,vegetation,vegetation
"(230:240,290:300)",0.39246110488464714,0.36173633667607996,-0.030724768208567177,vegetation,vegetation
"(230:240,300:310)",0.4115708226498018,0.33473933664874517,-0.07683148600105666,vegetation,vegetation
"(240:250,0:10)",0.3653885708136,0.2753130780066445,-0.09007549280695548,vegetation,land
"(240:250,10:20)",0.3355601971856204,0.2531110559385961,-0.0824491412470243,vegetation,land
"(240:250,20:30)",0.44502839196245214,0.40896345650218024,-0.036064935460271896,vegetation,vegetation
"(240:250,30:40)",0.43525081832499446,0.36236245627990166,-0.0728883620450928,vegetation,vegetation
"(240:250,40:50)",0.3611754342535641,0.31461270887337944,-0.04656272538018463,vegetation,vegetation
"(240:250,50:60)",0.4192063267619255,0.3918777865395451,-0.027328540222380404,vegetation,vegetation
"(240:250,60:70)",0.3197389075555738,0.2967851431322174,-0.02295376442335645,vegetation,vegetation
"(240:250,70:80)",0.38327407339550745,0.3621096567913045,-0.02116441660420293,vegetation,vegetation
"(240:250,80:90)",0.3015852350889557,0.24781454757886479,-0.0537706875100909,land,land
"(240:250,90:100)",0.39147710500950195,0.3077729311029468,-0.08370417390655516,vegetation,vegetation
"(240:250,100:110)",0.3528609868734598,0.2786293851959428,-0.07423160167751697,vegetation,land
"(240:250,110:120)",0.1769989745613747,0.10992470861476203,-0.06707426594661267,land,land
"(240:250,120:130)",0.08765641631387484,0.08508514051634675,-0.002571275797528097,land,land
"(240:250,130:140)",0.13853766821661126,0.09610033791952906,-0.0424373302970822,land,land
"(240:250,140:150)",0.09117315645557468,0.05132057884395763,-0.03985257761161705,land,land
"(240:250,150:160)",0.1695508896725287,0.11249999152166365,-0.05705089815086506,land,land
"(240:250,160:170)",0.4473115994400154,0.40536492586663975,-0.04194667357337567,vegetation,vegetation
"(240:250,170:180)",0.4351120610439285,0.39978991902443073,-0.03532214201949779,vegetation,vegetation
"(240:250,180:190)",0.3547160370029446,0.3124778525262406,-0.042238184476703966,vegetation,vegetation
"(240:250,190:200)",0.4859074361193749,0.42955360570751494,-0.056353830411859984,vegetation,vegetation
"(240:250,200:210)",0.3053963152785651,0.2972092280906686,-0.008187087187896513,land,vegetation
"(240:250,210:220)",0.543031876703244,0.5009831720229391,-0.04204870468030497,vegetation,vegetation
"(240:250,220:230)",0.5343033217510241,0.492687459431237,-0.041615862319787145,vegetation,vegetation
"(240:250,230:240)",0.49297563552915136,0.46766096144269903,-0.025314674086452327,vegetation,vegetation
"(240:250,240:250)",0.40655786455880694,0.37656102838427413,-0.029996836174532804,vegetation,vegetation
"(240:250,250:260)",0.36652296581478816,0.31032022164001355,-0.05620274417477461,vegetation,vegetation
"(240:250,260:270)",0.27637904835696003,0.193215530472216,-0.08316351788474402,land,land
"(240:250,270:280)",0.3356746887415788,0.23714979161040314,-0.09852489713117565,vegetation,land
"(240:250,280:290)",0.25843476120247083,0.18391020428164961,-0.07452455692082122,land,land
"(240:250,290:300)",0.3604827684992917,0.2598708264024712,-0.10061194209682045,vegetation,land
"(240:250,300:310)",0.2907776265283945,0.24305702227649645,-0.04772060425189806,land,land
"(250:260,0:10)",0.38260383521715247,0.3235917737769524,-0.05901206144020005,vegetation,vegetation
"(250:260,10:20)",0.4827729375016239,0.4572848036845121,-0.025488133817111847,vegetation,vegetation
"(250:260,20:30)",0.5020034004175102,0.483906778004039,-0.018096622413471264,vegetation,vegetation
"(250:260,30:40)",0.4159318348931502,0.39970344363601995,-0.01622839125713027,vegetation,vegetation
"(250:260,40:50)",0.3859143285932878,0.32562185709155594,-0.06029247150173184,vegetation,vegetation
"(250:260,50:60)",0.4045476194012895,0.3567991706889994,-0.047748448712290115,vegetation,vegetation
"(250:260,60:70)",0.4254819517888185,0.41516632170169115,-0.010315630087127325,vegetation,vegetation
"(250:260,70:80)",0.4052433878932659,0.3914052354569639,-0.013838152436302043,vegetation,vegetation
"(250:260,80:90)",0.3564668821627909,0.3152114856871974,-0.04125539647559345,vegetation,vegetation
"(250:260,90:100)",0.40897307874812033,0.2990487129166386,-0.10992436583148174,vegetation,vegetation
"(250:260,100:110)",0.3626283922525364,0.2078678306999544,-0.154760561552582,vegetation,land
"(250:260,110:120)",0.15772950760772683,0.07318484082496397,-0.08454466678276286,land,land
"(250:260,120:130)",0.3236807155006366,0.22955706029514178,-0.09412365520549482,vegetation,land
"(250:260,130:140)",0.39551860912698694,0.3232934222065503,-0.07222518692043667,vegetation,vegetation
"(250:260,140:150)",0.41123416067935337,0.27877433263342705,-0.13245982804592632,vegetation,land
"(250:260,150:160)",0.2950190719838394,0.2458723010548341,-0.04914677092900532,land,land
"(250:260,160:170)",0.29931778646816026,0.22090837884147788,-0.07840940762668239,land,land
"(250:260,170:180)",0.3443208276785571,0.29166998899018604,-0.05265083868837106,vegetation,vegetation
"(250:260,180:190)",0.46948355657285973,0.4491607219525551,-0.020322834620304653,vegetation,vegetation
"(250:260,190:200)",0.5336407238048965,0.4797602073464301,-0.053880516458466365,vegetation,vegetation
"(250:260,200:210)",0.5462942918982305,0.5222260369952416,-0.024068254902988917,vegetation,vegetation
"(250:260,210:220)",0.4583880184870193,0.4638538416777959,0.0054658231907765975,vegetation,vegetation
"(250:260,220:230)",0.516909166296163,0.46045510333464734,-0.05645406296151567,vegetation,vegetation
"(250:260,230:240)",0.47397965443624107,0.39512082475037713,-0.07885882968586394,vegetation,vegetation
"(250:260,240:250)",0.4148961329586956,0.3413978075738921,-0.0734983253848035,vegetation,vegetation
"(250:260,250:260)",0.32216768988543665,0.2845555493729498,-0.03761214051248685,vegetation,land
"(250:260,260:270)",0.2901919357256127,0.24666834986391303,-0.04352358586169966,land,land
"(250:260,270:280)",0.3123082213233167,0.2936892680097278,-0.018618953313588926,land,vegetation
"(250:260,280:290)",0.2960653352241438,0.2631058686545339,-0.03295946656960991,land,land
"(250:260,290:300)",0.2735651952521135,0.20673135984351554,-0.06683383540859794,land,land
"(250:260,300:310)",0.24844763223575325,0.15129439884868062,-0.09715323338707263,land,land
"(260:270,0:10)",0.5496830919854435,0.5155173132357698,-0.03416577874967375,vegetation,vegetation
"(260:270,10:20)",0.5818701634787412,0.5322947039494388,-0.049575459529302424,vegetation,vegetation
"(260:270,20:30)",0.48774455458374155,0.4153511243564395,-0.07239343022730205,vegetation,vegetation
"(260:270,30:40)",0.42034759725294824,0.3752921611558255,-0.04505543609712276,vegetation,vegetation
"(260:270,40:50)",0.4715390813366891,0.45494251854100104,-0.016596562795688052,vegetation,vegetation
"(260:270,50:60)",0.4746276241060259,0.4596696371973369,-0.014957986908688992,vegetation,vegetation
"(260:270,60:70)",0.522396999286538,0.5166249384218699,-0.005772060864668194,vegetation,vegetation
"(260:270,70:80)",0.5408447987281049,0.516367338607694,-0.024477460120410854,vegetation,vegetation
"(260:270,80:90)",0.5375282735822036,0.5036899260729499,-0.03383834750925363,vegetation,vegetation
"(260:270,90:100)",0.5136727247025347,0.4875577664596311,-0.026114958242903552,vegetation,vegetation
"(260:270,100:110)",0.43184847846691293,0.3886632157659988,-0.04318526270091411,vegetation,vegetation
"(260:270,110:120)",0.4255867246107007,0.3195773761832835,-0.10600934842741716,vegetation,vegetation
"(260:270,120:130)",0.46350619548733996,0.3933616888318211,-0.07014450665551886,vegetation,vegetation
"(260:270,130:140)",0.4866367754666726,0.45497503271071515,-0.031661742755957456,vegetation,vegetation
"(260:270,140:150)",0.5084434898427332,0.3409142149662271,-0.16752927487650615,vegetation,vegetation
"(260:270,150:160)",0.46043543286286587,0.3579198377146298,-0.10251559514823605,vegetation,vegetation
"(260:270,160:170)",0.345243086054142,0.2543452634361458,-0.09089782261799623,vegetation,land
"(260:270,170:180)",0.3081412230623468,0.26358548880042,-0.04455573426192683,land,land
"(260:270,180:190)",0.39893629031216954,0.3783504759163144,-0.020585814395855162,vegetation,vegetation
"(260:270,190:200)",0.5284004972255772,0.4684575877450332,-0.05994290948054404,vegetation,vegetation
"(260:270,200:210)",0.5963084818752148,0.5601999201600589,-0.03610856171515586,vegetation,vegetation
"(260:270,210:220)",0.4753489662142919,0.456529316617186,-0.018819649597105914,vegetation,vegetation
"(260:270,220:230)",0.5057068229777157,0.46033994788244326,-0.045366875095272485,vegetation,vegetation
"(260:270,230:240)",0.40554521296891216,0.33659968222758935,-0.06894553074132281,vegetation,vegetation
"(260:270,240:250)",0.3272980540777775,0.2766826591117796,-0.05061539496599793,vegetation,land
"(260:270,250:260)",0.40495287809206987,0.36059207154992373,-0.044360806542146136,vegetation,vegetation
"(260:270,260:270)",0.40450207342868516,0.3804023413645078,-0.02409973206417737,vegetation,vegetation
"(260:270,270:280)",0.4389846542983598,0.4184280024358638,-0.020556651862496,vegetation,vegetation
"(260:270,280:290)",0.4602842342571416,0.41977327638405654,-0.04051095787308506,vegetation,vegetation
"(260:270,290:300)",0.35274762410453475,0.30760066985650086,-0.04514695424803389,vegetation,vegetation
"(260:270,300:310)",0.27912756672089883,0.2610072673476265,-0.01812029937327231,land,land
"(270:280,0:10)",0.6075058988809622,0.5600752220965733,-0.04743067678438884,vegetation,vegetation
"(270:280,10:20)",0.49361882684069003,0.40677757991386165,-0.08684124692682837,vegetation,vegetation
"(270:280,20:30)",0.4505237048128765,0.38374312611780037,-0.06678057869507614,vegetation,vegetation
"(270:280,30:40)",0.5534995333351992,0.5125217273474902,-0.04097780598770895,vegetation,vegetation
"(270:280,40:50)",0.5792091327252382,0.5337989508445734,-0.04541018188066481,vegetation,vegetation
"(270:280,50:60)",0.5675606013567986,0.530097226321773,-0.037463375035025615,vegetation,vegetation
"(270:280,60:70)",0.5378242166795639,0.49709168656732416,-0.04073253011223976,vegetation,vegetation
"(270:280,70:80)",0.5519207045731992,0.5344821769936275,-0.01743852757957165,vegetation,vegetation
"(270:280,80:90)",0.5868927039747869,0.5501633191254918,-0.03672938484929511,vegetation,vegetation
"(270:280,90:100)",0.5522415550322932,0.5081910154021451,-0.044050539630148156,vegetation,vegetation
"(270:280,100:110)",0.5161133171088016,0.489250704694479,-0.026862612414322584,vegetation,vegetation
"(270:280,110:120)",0.4798740100248925,0.45533317406030926,-0.02454083596458323,vegetation,vegetation
"(270:280,120:130)",0.5309871341314584,0.5209680169756332,-0.010019117155825152,vegetation,vegetation
"(270:280,130:140)",0.5016241223573111,0.48394592079898474,-0.01767820155832639,vegetation,vegetation
"(270:280,140:150)",0.49717778378772,0.47260063862553436,-0.02457714516218562,vegetation,vegetation
"(270:280,150:160)",0.5312715841347111,0.46537339972057945,-0.06589818441413164,vegetation,vegetation
"(270:280,160:170)",0.502355125008854,0.5065851719578802,0.004230046949026178,vegetation,vegetation
"(270:280,170:180)",0.4691173471564204,0.4760759238843316,0.006958576727911225,vegetation,vegetation
"(270:280,180:190)",0.5018812825231661,0.4932271400100982,-0.008654142513067897,vegetation,vegetation
"(270:280,190:200)",0.5786498753191761,0.5383286404988035,-0.04032123482037264,vegetation,vegetation
"(270:280,200:210)",0.6235444660819046,0.5984394041409609,-0.02510506194094375,vegetation,vegetation
"(270:280,210:220)",0.4750534758547844,0.4587965548885088,-0.016256920966275623,vegetation,vegetation
"(270:280,220:230)",0.5291669845933343,0.48150709811524145,-0.04765988647809288,vegetation,vegetation
"(270:280,230:240)",0.5488208626094822,0.5094969372450776,-0.039323925364404544,vegetation,vegetation
"(270:280,240:250)",0.5292981812625353,0.4939704273578965,-0.03532775390463877,vegetation,vegetation
"(270:280,250:260)",0.5497556691651474,0.49856556172150523,-0.05119010744364216,vegetation,vegetation
"(270:280,260:270)",0.41313876205689026,0.35183270343444834,-0.06130605862244193,vegetation,vegetation
"(270:280,270:280)",0.4200027028039098,0.3666264993990035,-0.053376203404906286,vegetation,vegetation
"(270:280,280:290)",0.34500642417897753,0.24083904468977455,-0.10416737948920299,vegetation,land
"(270:280,290:300)",0.30177874338237876,0.24403024991400216,-0.0577484934683766,land,land
"(270:280,300:310)",0.2480788770361808,0.28250816734564144,0.034429290309460625,land,land
"(280:290,0:10)",0.5718964529677292,0.5147520312505908,-0.057144421717138405,vegetation,vegetation
"(280:290,10:20)",0.5916721664495413,0.5325484279210624,-0.059123738528478964,vegetation,vegetation
"(280:290,20:30)",0.6138274760075515,0.5657052374440573,-0.04812223856349418,vegetation,vegetation
"(280:290,30:40)",0.5618157084863092,0.5116317886393456,-0.05018391984696369,vegetation,vegetation
"(280:290,40:50)",0.6077717944369857,0.587215544778823,-0.020556249658162717,vegetation,vegetation
"(280:290,50:60)",0.5896766012536608,0.5409950390525117,-0.048681562201149164,vegetation,vegetation
"(280:290,60:70)",0.5603020810157832,0.5012545032104063,-0.05904757780537684,vegetation,vegetation
"(280:290,70:80)",0.6187398907676666,0.5814041375780374,-0.03733575318962912,vegetation,vegetation
"(280:290,80:90)",0.5797082368682478,0.5225801438142229,-0.05712809305402489,vegetation,vegetation
"(280:290,90:100)",0.5445268589624157,0.48510479987869987,-0.05942205908371584,vegetation,vegetation
"(280:290,100:110)",0.49778844374786585,0.44896207460405346,-0.04882636914381239,vegetation,vegetation
"(280:290,110:120)",0.5384980612459065,0.5063410001433114,-0.032157061102595086,vegetation,vegetation
"(280:290,120:130)",0.584507807494703,0.560679187189556,-0.023828620305146986,vegetation,vegetation
"(280:290,130:140)",0.5492529834189813,0.5052376561328217,-0.044015327286159645,vegetation,vegetation
"(280:290,140:150)",0.49827092122583116,0.4799531862839703,-0.01831773494186084,vegetation,vegetation
"(280:290,150:160)",0.5193930002066747,0.5202767581520586,0.0008837579453839783,vegetation,vegetation
"(280:290,160:170)",0.5303600770715035,0.5333451943870844,0.002985117315580932,vegetation,vegetation
"(280:290,170:180)",0.5595220386942324,0.5530737848014206,-0.006448253892811895,vegetation,vegetation
"(280:290,180:190)",0.5550498430554334,0.5398457002284304,-0.015204142827002998,vegetation,vegetation
"(280:290,190:200)",0.5048400433841534,0.46147033827649925,-0.0433697051076542,vegetation,vegetation
"(280:290,200:210)",0.6051225521671136,0.5779412933702505,-0.027181258796863172,vegetation,vegetation
"(280:290,210:220)",0.5031681391149841,0.4878932237397497,-0.015274915375234455,vegetation,vegetation
"(280:290,220:230)",0.4619287308572939,0.40180932075525494,-0.06011941010203897,vegetation,vegetation
"(280:290,230:240)",0.42261513179340654,0.3442502009510608,-0.07836493084234575,vegetation,vegetation
"(280:290,240:250)",0.5370116428151785,0.4898359732291325,-0.04717566958604602,vegetation,vegetation
"(280:290,250:260)",0.4653921369912782,0.3980969946869449,-0.06729514230433326,vegetation,vegetation
"(280:290,260:270)",0.4094538824088685,0.3598253271043353,-0.049628555304533195,vegetation,vegetation
"(280:290,270:280)",0.43950455250908316,0.3571236594748041,-0.08238089303427903,vegetation,vegetation
"(280:290,280:290)",0.20395180086784673,0.13944583038430608,-0.06450597048354065,land,land
"(280:290,290:300)",0.12731667745089467,0.07093158963134812,-0.056385087819546556,land,land
"(280:290,300:310)",0.12648264113747645,0.16367497707057468,0.03719233593309823,land,land
